ISO,Country,Data source,Sector,Gas,Unit,2023,2022,2021,2020,2019,2018,2017,2016,2015,2014,2013,2012,2011,2010,2009,2008,2007,2006,2005,2004,2003,2002,2001,2000,1999,1998,1997,1996,1995,1994,1993,1992,1991,1990
WORLD,World,Climate Watch,Total including LULUCF,All GHG,MtCO₂e,50802.9,49775.4,49353.0,47002.2,49250.2,48853.1,47778.0,47047.5,47082.9,47216.1,46574.5,45884.5,45371.6,44624.3,42835.7,42894.6,42646.8,41871.7,40389.8,39432.9,37583.9,36571.9,35598.1,37124.3,36463.4,36466.9,36968.2,35584.2,35194.0,34392.9,34126.0,33953.0,34012.9,33864.7
CHN,China,Climate Watch,Total including LULUCF,All GHG,MtCO₂e,13180.0,12677.3,12691.0,12107.0,11937.5,11683.0,11209.2,10973.1,11120.8,11279.7,11221.8,10742.8,10465.0,9971.68,9145.36,8579.21,8334.16,7741.96,7074.07,6298.83,5535.98,4867.5,4575.41,4379.04,4211.0,4278.47,4170.84,4181.35,4165.19,3764.57,3592.57,3348.83,3206.8,3059.8
USA,United States,Climate Watch,Total including LULUCF,All GHG,MtCO₂e,5438.71,5642.49,5568.28,5026.98,5582.45,5699.1,5465.14,5511.58,5475.56,5577.0,5517.92,5368.03,5583.81,5743.93,5470.06,5887.5,6067.26,5959.92,6046.79,6025.92,5941.79,5873.62,6026.4,6135.59,5972.05,5970.76,5924.06,5663.62,5492.42,5425.4,5330.24,5219.86,5136.98,5183.62
IND,India,Climate Watch,Total including LULUCF,All GHG,MtCO₂e,3978.72,3712.09,3465.62,3239.76,3409.21,3404.4,3286.34,3164.55,3185.21,3146.36,2958.55,2890.15,2734.88,2686.93,2569.71,2455.58,2340.68,2193.87,2095.09,2023.76,1934.25,1891.32,1872.67,1625.11,1585.03,1502.48,1472.64,1412.28,1363.59,1294.32,1244.99,1209.73,1186.06,1131.28
EUU,European Union (27),Climate Watch,Total including LULUCF,All GHG,MtCO₂e,3119.45,3354.19,3425.0,3057.09,3330.71,3478.13,3563.19,3543.72,3356.38,3303.68,3454.21,3536.11,3597.81,3705.96,3624.94,3893.52,3986.38,4024.91,4026.1,4053.62,4053.5,3964.59,3983.33,3945.12,3946.02,4024.57,4066.61,4144.1,4037.2,3984.57,3995.41,4075.22,4224.0,4292.16
BRA,Brazil,Climate Watch,Total including LULUCF,All GHG,MtCO₂e,2125.81,2108.49,2110.41,1808.79,1804.9,1781.85,1822.03,1797.01,1448.43,1461.88,1422.44,1396.98,1351.55,2060.08,1951.39,1977.81,1977.55,1937.98,1949.83,1932.22,1882.39,1866.41,1826.41,2310.84,2309.03,2297.83,2261.46,2229.72,2227.97,2201.14,2184.21,2173.92,2163.68,2142.12
IDN,Indonesia,Climate Watch,Total including LULUCF,All GHG,MtCO₂e,1572.78,1285.41,1236.55,1028.81,1446.78,1201.25,952.71,941.39,1777.62,1730.81,1371.59,1379.76,1339.19,805.24,1212.66,804.98,823.02,1399.08,967.36,1250.78,895.41,1241.83,745.41,1918.68,1999.7,2113.21,2905.11,1905.89,2050.03,2013.08,1990.11,1971.41,1946.46,1924.58
RUS,Russia,Climate Watch,Total including LULUCF,All GHG,MtCO₂e,1320.61,1274.09,1290.18,1408.07,1485.47,1487.24,1395.55,1350.65,1280.63,1313.47,1320.69,1366.35,1383.84,1057.19,987.13,1115.67,1121.87,1112.42,1084.01,1053.13,1061.19,987.32,994.2,1101.72,1041.22,1015.67,1005.99,1151.32,1196.33,1271.74,1497.3,1682.68,1925.85,1987.92
IRN,Iran,Climate Watch,Total including LULUCF,All GHG,MtCO₂e,1046.81,1005.7,979.36,918.77,901.68,864.56,873.29,842.14,801.7,804.57,781.47,760.46,761.91,747.82,743.57,722.45,715.97,685.91,645.95,606.59,571.57,534.21,521.36,510.8,482.24,448.41,448.21,430.67,414.87,405.74,366.35,359.08,338.36,310.79
JPN,Japan,Climate Watch,Total including LULUCF,All GHG,MtCO₂e,1035.83,1080.55,1105.26,1053.17,1109.6,1145.18,1183.8,1196.02,1194.51,1231.41,1278.92,1263.47,1220.34,1079.77,1022.68,1082.02,1152.3,1118.62,1138.84,1132.24,1146.7,1141.05,1114.87,1218.49,1208.09,1182.08,1233.83,1248.92,1235.88,1214.72,1154.26,1158.97,1145.0,1127.32
CAN,Canada,Climate Watch,Total including LULUCF,All GHG,MtCO₂e,876.71,857.49,844.67,853.88,915.42,924.28,905.4,886.62,789.43,794.57,785.36,771.16,770.69,948.32,929.3,964.53,986.5,954.45,963.46,949.32,958.85,936.13,914.29,774.53,756.07,756.13,738.25,726.28,704.75,688.52,669.84,672.9,658.41,662.43
SAU,Saudi Arabia,Climate Watch,Total including LULUCF,All GHG,MtCO₂e,779.2,772.03,727.88,705.9,709.91,711.84,730.36,740.28,739.6,706.55,660.68,642.09,604.19,574.48,527.34,510.28,468.95,445.32,420.14,396.42,376.0,353.53,332.4,324.61,310.3,306.5,291.57,287.18,273.13,274.51,274.08,275.7,258.8,229.72
MEX,Mexico,Climate Watch,Total including LULUCF,All GHG,MtCO₂e,731.3,708.29,677.05,665.12,717.92,703.7,720.49,722.64,679.25,664.5,669.2,683.59,677.72,610.85,593.8,605.23,600.24,587.63,566.81,541.35,532.61,503.78,491.97,580.33,553.35,570.36,536.53,511.87,492.35,512.95,485.97,467.42,464.29,444.67
DEU,Germany,Climate Watch,Total including LULUCF,All GHG,MtCO₂e,669.68,732.33,742.6,720.02,774.0,825.29,855.33,872.03,814.4,809.5,850.31,835.11,822.03,878.07,847.17,904.37,901.5,930.6,922.31,944.24,962.37,961.62,978.38,927.26,935.0,972.98,994.6,1031.7,1007.15,1010.04,1019.35,1026.85,1071.33,1096.59
AUS,Australia,Climate Watch,Total including LULUCF,All GHG,MtCO₂e,652.15,566.42,570.05,569.44,618.86,634.76,639.07,596.42,617.24,619.1,600.88,682.59,679.2,663.25,681.47,662.96,693.54,691.93,645.27,681.37,630.38,706.66,710.56,669.71,649.81,609.03,582.9,570.62,569.03,561.93,555.85,552.85,552.91,551.17
KOR,South Korea,Climate Watch,Total including LULUCF,All GHG,MtCO₂e,642.71,659.44,673.73,643.18,685.4,709.69,684.4,657.92,648.41,633.89,647.4,646.77,649.36,609.61,547.73,536.6,522.32,504.89,496.55,499.81,478.85,466.04,448.19,451.32,416.02,377.12,443.47,421.61,394.09,365.59,339.77,309.54,284.46,255.82
PAK,Pakistan,Climate Watch,Total including LULUCF,All GHG,MtCO₂e,561.97,550.46,586.03,569.57,536.28,532.03,534.39,509.05,493.28,476.93,461.25,446.11,440.21,426.49,429.81,414.62,409.71,388.96,365.89,353.35,332.38,319.04,309.03,301.46,295.5,278.66,271.4,261.27,250.31,235.68,227.09,213.13,199.32,194.74
TUR,Turkey,Climate Watch,Total including LULUCF,All GHG,MtCO₂e,522.97,518.64,537.16,516.33,504.11,514.18,512.29,473.03,375.48,368.15,342.88,351.69,335.99,329.6,319.42,316.76,319.05,288.73,260.17,247.2,241.28,230.05,219.77,267.68,243.57,243.67,242.77,233.8,216.11,201.47,206.38,199.89,192.29,190.01
VNM,Vietnam,Climate Watch,Total including LULUCF,All GHG,MtCO₂e,471.78,476.37,475.63,309.74,297.7,242.77,184.51,177.16,310.79,294.82,280.88,265.83,264.55,300.58,281.26,258.0,248.37,233.43,228.65,217.96,195.65,189.42,172.46,77.38,69.17,65.18,53.29,44.87,36.69,28.35,23.88,17.72,14.35,10.49
THA,Thailand,Climate Watch,Total including LULUCF,All GHG,MtCO₂e,458.04,460.42,442.97,388.03,393.77,384.92,392.66,389.13,404.84,403.83,408.08,400.28,376.66,379.67,354.79,357.71,355.89,337.74,333.88,325.13,300.95,289.18,274.87,262.58,263.61,253.71,274.5,265.84,246.67,229.33,214.02,196.33,183.77,172.08
ARG,Argentina,Climate Watch,Total including LULUCF,All GHG,MtCO₂e,435.37,450.46,430.56,425.53,439.85,442.72,444.61,440.4,457.07,451.27,453.65,446.35,440.64,466.48,462.47,483.64,479.7,467.91,453.87,449.86,432.62,409.8,411.2,389.85,391.56,383.61,379.81,374.69,363.2,359.83,356.23,355.27,349.98,345.68
ITA,Italy,Climate Watch,Total including LULUCF,All GHG,MtCO₂e,423.48,450.09,448.13,338.55,375.18,384.24,388.31,392.54,403.78,393.84,413.82,445.46,463.69,454.32,444.74,494.09,508.76,515.55,526.43,524.97,512.66,492.95,483.46,484.84,479.09,471.66,460.36,456.19,460.05,434.69,439.5,445.49,448.32,450.97
GBR,United Kingdom,Climate Watch,Total including LULUCF,All GHG,MtCO₂e,408.15,427.54,443.83,423.11,466.45,481.33,488.87,499.53,512.96,528.08,568.74,584.92,565.07,605.36,593.15,649.56,671.16,687.27,691.11,697.91,705.45,697.96,716.3,707.94,709.1,738.41,744.61,764.48,743.26,750.3,752.23,769.69,786.38,777.15
MYS,Malaysia,Climate Watch,Total including LULUCF,All GHG,MtCO₂e,402.61,400.22,374.62,371.61,380.94,375.17,352.27,368.42,184.55,200.17,166.16,143.11,142.32,365.9,354.13,359.0,347.61,323.36,327.24,311.66,286.0,276.22,259.29,268.09,256.27,279.57,250.27,238.37,227.64,220.14,211.67,204.49,202.15,190.75
ZAF,South Africa,Climate Watch,Total including LULUCF,All GHG,MtCO₂e,383.8,387.04,429.76,559.31,580.87,576.18,571.98,559.48,502.28,528.25,516.17,505.25,484.52,522.18,499.99,522.59,491.48,470.22,468.06,468.58,439.44,416.97,400.79,369.1,370.58,390.93,381.99,364.94,351.23,337.93,331.47,320.92,324.93,328.96
EGY,Egypt,Climate Watch,Total including LULUCF,All GHG,MtCO₂e,366.3,354.29,350.71,323.3,313.34,337.35,343.93,333.21,322.56,312.16,305.04,302.38,292.99,285.64,284.66,276.71,269.84,253.15,241.86,222.99,210.41,204.59,198.22,185.83,186.0,176.54,170.84,161.95,154.44,145.55,148.4,141.75,139.31,133.71
POL,Poland,Climate Watch,Total including LULUCF,All GHG,MtCO₂e,355.42,384.6,399.82,351.47,369.19,387.63,389.79,377.32,353.49,351.12,365.82,372.88,379.26,345.42,327.18,345.22,353.18,356.18,342.91,343.11,340.57,329.84,337.39,395.75,414.5,427.93,465.19,474.95,462.66,461.08,466.79,467.66,478.87,483.8
FRA,France,Climate Watch,Total including LULUCF,All GHG,MtCO₂e,346.89,371.17,383.65,351.82,390.73,400.26,414.89,410.14,374.48,369.06,404.38,404.12,401.36,410.87,407.16,425.33,431.11,438.09,447.62,446.61,447.98,443.21,451.08,486.91,488.39,497.3,480.43,490.11,471.16,463.54,470.23,491.05,506.62,480.7
NGA,Nigeria,Climate Watch,Total including LULUCF,All GHG,MtCO₂e,342.93,341.67,350.04,345.05,353.18,342.03,332.24,337.25,337.42,341.39,329.97,320.16,317.86,310.7,282.52,294.76,292.53,305.6,319.38,315.79,313.34,290.72,313.39,318.9,305.86,321.4,342.4,353.59,321.08,315.98,321.49,323.96,306.14,290.88
KAZ,Kazakhstan,Climate Watch,Total including LULUCF,All GHG,MtCO₂e,338.61,319.77,320.75,292.31,288.6,302.82,302.21,281.49,263.0,296.22,335.33,322.91,327.09,313.35,293.53,320.42,282.34,271.89,250.12,236.02,219.04,205.86,178.3,180.22,175.82,194.13,194.19,217.37,243.79,279.05,302.07,341.01,344.11,337.32
IRQ,Iraq,Climate Watch,Total including LULUCF,All GHG,MtCO₂e,335.12,324.97,298.78,291.72,308.13,284.0,269.75,255.69,222.02,217.83,219.25,206.02,180.46,171.36,154.54,143.81,128.01,133.06,133.11,136.06,121.05,139.04,148.22,136.83,119.67,133.36,151.73,122.98,124.39,125.78,109.41,81.74,56.99,98.34
DZA,Algeria,Climate Watch,Total including LULUCF,All GHG,MtCO₂e,303.25,302.06,289.93,283.49,295.29,285.51,276.41,270.05,271.97,261.76,249.04,242.46,221.01,215.87,210.14,208.77,205.75,202.72,195.05,187.7,184.06,168.86,163.23,167.25,159.53,156.07,155.19,157.99,154.19,147.1,141.19,128.98,126.09,122.37
COL,Colombia,Climate Watch,Total including LULUCF,All GHG,MtCO₂e,294.16,289.23,284.64,288.57,296.31,293.93,285.3,288.2,251.72,253.41,249.74,239.93,240.66,242.51,234.12,228.48,223.91,215.79,213.83,211.21,208.45,204.96,207.98,264.4,260.25,272.02,269.68,262.94,262.1,256.65,253.52,248.52,244.73,243.74
ESP,Spain,Climate Watch,Total including LULUCF,All GHG,MtCO₂e,271.3,289.95,286.63,255.47,293.64,311.27,319.95,304.86,320.22,309.29,311.04,337.73,344.52,322.22,337.04,373.08,406.89,390.84,396.53,382.0,367.01,357.49,342.5,295.25,277.63,252.53,244.2,221.84,228.1,213.38,199.51,215.06,204.72,198.68
COD,Democratic Republic of the Congo,Climate Watch,Total including LULUCF,All GHG,MtCO₂e,260.51,262.31,262.57,260.68,257.14,251.96,261.08,255.64,649.85,646.06,645.92,641.91,649.92,467.21,462.76,462.51,456.39,463.74,461.51,461.24,457.13,448.83,433.79,437.82,441.76,450.12,448.13,440.77,448.21,448.1,444.84,441.59,439.39,440.83
BGD,Bangladesh,Climate Watch,Total including LULUCF,All GHG,MtCO₂e,259.66,265.26,257.68,233.64,235.89,230.94,225.7,215.63,217.47,209.15,204.04,200.1,195.28,189.61,182.62,178.29,170.11,167.26,161.7,157.3,156.26,154.64,151.99,147.22,145.91,141.68,140.89,138.02,136.57,130.96,127.47,125.67,122.98,122.81
ARE,United Arab Emirates,Climate Watch,Total including LULUCF,All GHG,MtCO₂e,253.45,242.71,236.96,235.68,240.77,226.58,243.16,252.94,246.74,234.43,234.11,224.3,217.06,209.31,203.6,206.3,180.86,170.61,163.14,153.4,144.58,135.86,133.96,120.26,119.32,118.55,116.73,113.25,108.63,103.79,94.09,89.42,90.43,81.57
VEN,Venezuela,Climate Watch,Total including LULUCF,All GHG,MtCO₂e,252.77,251.68,239.77,263.21,324.83,364.08,422.9,458.37,468.73,498.89,501.73,497.29,455.11,451.48,449.16,459.94,443.05,447.47,449.24,430.67,407.3,423.01,436.68,453.21,444.92,465.17,463.82,444.02,415.63,385.93,381.7,375.45,370.57,356.49
PER,Peru,Climate Watch,Total including LULUCF,All GHG,MtCO₂e,243.0,240.87,235.68,170.63,182.15,178.78,177.94,180.68,229.3,227.78,223.26,221.48,221.9,217.7,212.75,209.0,203.9,199.71,200.31,198.64,194.72,194.59,192.28,194.31,193.62,189.34,188.02,187.03,183.29,178.22,176.29,174.83,173.5,174.76
PHL,Philippines,Climate Watch,Total including LULUCF,All GHG,MtCO₂e,239.4,223.9,216.98,213.0,223.19,216.57,210.75,194.11,183.7,174.99,167.86,157.04,152.15,158.78,152.87,149.5,145.67,139.11,145.04,143.64,140.15,137.29,135.55,150.84,149.65,143.3,149.99,142.02,133.13,120.65,112.63,106.28,103.16,103.36
TKM,Turkmenistan,Climate Watch,Total including LULUCF,All GHG,MtCO₂e,238.24,213.13,210.29,185.84,232.38,202.78,199.53,195.85,201.98,196.05,199.22,191.67,182.98,150.81,135.53,180.0,172.94,159.7,158.98,154.3,146.11,129.93,120.87,118.17,92.42,72.74,70.93,87.77,90.4,89.94,112.3,101.3,147.52,154.87
ETH,Ethiopia,Climate Watch,Total including LULUCF,All GHG,MtCO₂e,200.44,191.75,189.55,195.41,187.11,175.76,172.9,170.62,182.95,179.91,174.18,169.18,162.81,166.75,160.93,156.24,151.62,140.44,134.51,130.38,127.67,128.68,119.98,117.04,120.33,119.02,112.71,108.08,104.69,103.49,102.0,107.81,106.54,105.7
MMR,Myanmar,Climate Watch,Total including LULUCF,All GHG,MtCO₂e,191.53,187.35,195.36,202.33,192.86,191.27,215.66,202.8,205.02,198.58,190.83,188.38,179.28,203.12,197.69,186.67,201.6,190.24,185.89,195.62,180.88,166.58,166.77,186.69,189.89,184.32,177.54,179.88,183.64,180.13,176.86,173.52,169.78,170.58
TZA,Tanzania,Climate Watch,Total including LULUCF,All GHG,MtCO₂e,190.71,189.98,186.63,180.76,177.68,171.33,170.78,170.5,159.66,151.83,151.3,150.08,145.67,143.17,139.08,137.04,133.69,131.59,137.29,129.75,130.62,121.46,114.59,108.96,111.15,110.68,105.95,106.16,113.04,108.52,106.5,105.55,105.35,105.0
UZB,Uzbekistan,Climate Watch,Total including LULUCF,All GHG,MtCO₂e,188.1,181.84,186.83,173.72,165.08,161.5,165.69,159.94,150.89,157.13,164.43,174.37,188.76,185.52,173.64,186.93,175.15,179.84,168.83,173.41,170.16,178.35,171.52,168.55,160.98,160.85,144.47,144.15,142.14,152.74,157.69,154.89,168.46,167.8
UKR,Ukraine,Climate Watch,Total including LULUCF,All GHG,MtCO₂e,179.82,181.48,260.48,246.52,258.16,268.65,252.18,286.72,281.97,351.48,406.07,414.44,423.79,389.37,367.64,433.47,448.66,436.44,430.54,444.86,470.17,444.81,438.72,412.08,421.92,424.5,453.08,476.41,550.72,585.42,694.06,796.51,902.56,965.83
SDN,Sudan,Climate Watch,Total including LULUCF,All GHG,MtCO₂e,150.08,153.28,157.78,66.49,67.27,66.94,66.33,66.37,108.76,105.21,104.29,103.41,100.94,98.97,100.86,98.62,98.22,93.45,93.24,88.36,85.04,82.97,77.01,81.75,76.87,73.85,70.52,67.14,63.7,62.57,57.51,55.29,51.37,50.49
NLD,Netherlands,Climate Watch,Total including LULUCF,All GHG,MtCO₂e,145.83,155.74,168.47,159.45,176.33,182.08,188.67,192.75,196.81,188.61,196.86,197.74,199.67,212.41,201.45,206.38,208.54,209.25,214.07,220.39,218.48,218.44,219.63,220.91,223.73,239.94,239.08,247.44,235.28,233.11,231.71,227.03,226.88,222.55
AGO,Angola,Climate Watch,Total including LULUCF,All GHG,MtCO₂e,138.77,133.96,135.47,133.98,149.41,141.45,158.8,160.77,162.52,155.64,155.64,153.91,154.43,155.14,148.36,145.64,139.56,132.93,136.62,134.17,130.49,124.22,122.13,99.38,106.98,109.37,98.37,98.66,93.18,87.7,82.96,78.7,77.32,76.75
BOL,Bolivia,Climate Watch,Total including LULUCF,All GHG,MtCO₂e,137.09,132.09,133.2,123.65,131.45,118.71,118.24,120.11,101.23,97.6,97.41,97.78,97.43,114.72,88.11,90.06,96.6,90.45,88.7,94.72,79.24,83.14,76.24,105.1,115.61,109.56,110.04,107.1,108.69,111.52,113.99,117.12,116.26,114.5
KWT,Kuwait,Climate Watch,Total including LULUCF,All GHG,MtCO₂e,136.14,129.32,125.34,119.57,126.65,128.75,126.91,133.8,128.73,126.83,126.24,123.2,119.42,113.49,113.2,114.68,108.7,107.61,102.97,96.52,90.46,84.52,82.21,79.6,73.91,70.96,68.89,64.64,63.77,64.4,53.87,36.86,14.21,45.18
QAT,Qatar,Climate Watch,Total including LULUCF,All GHG,MtCO₂e,135.19,134.03,129.03,126.49,128.64,125.84,127.56,125.87,123.4,119.19,112.43,111.07,101.65,92.65,81.69,79.47,70.76,63.74,57.04,57.55,53.94,49.49,46.0,47.05,43.86,40.95,39.8,31.69,28.52,27.7,24.75,21.53,22.49,18.99
KHM,Cambodia,Climate Watch,Total including LULUCF,All GHG,MtCO₂e,126.43,119.56,122.63,95.41,92.22,89.0,88.57,86.39,119.31,117.33,116.36,115.95,118.51,40.1,41.05,39.68,39.9,38.82,34.89,36.27,35.29,32.64,29.47,29.74,31.5,31.95,28.22,26.79,30.72,25.36,26.75,25.87,25.33,25.74
TCD,Chad,Climate Watch,Total including LULUCF,All GHG,MtCO₂e,125.57,119.79,115.14,111.52,105.95,102.95,98.34,96.66,91.44,85.93,83.32,81.41,77.15,67.36,62.93,62.36,61.73,58.85,56.81,54.78,51.3,50.54,47.81,47.02,46.77,44.21,38.92,37.23,33.15,32.16,31.2,30.25,29.24,28.42
OMN,Oman,Climate Watch,Total including LULUCF,All GHG,MtCO₂e,109.52,107.01,101.08,95.17,99.3,97.88,93.47,93.18,92.12,88.53,85.03,81.0,72.67,65.74,61.68,58.28,58.52,55.88,48.09,48.15,48.95,46.83,45.17,41.45,37.2,34.24,35.4,33.98,32.87,29.25,26.94,25.15,25.26,21.12
LBY,Libya,Climate Watch,Total including LULUCF,All GHG,MtCO₂e,108.98,99.91,103.44,69.28,99.63,96.85,90.51,75.04,78.56,87.8,97.9,108.11,65.38,104.89,98.78,98.92,94.4,98.81,98.21,90.56,89.76,81.8,81.53,84.95,81.72,82.75,84.27,93.03,90.31,82.16,67.38,57.9,65.9,63.72
MAR,Morocco,Climate Watch,Total including LULUCF,All GHG,MtCO₂e,106.19,108.44,109.68,93.81,97.82,90.94,89.29,84.92,87.23,84.84,83.35,82.91,85.27,83.09,78.06,76.82,72.31,70.11,67.16,63.58,56.22,54.81,51.9,42.26,41.06,38.89,37.99,36.03,35.42,34.68,31.48,31.17,29.51,28.27
MOZ,Mozambique,Climate Watch,Total including LULUCF,All GHG,MtCO₂e,103.64,109.96,105.89,102.34,105.67,111.3,107.02,107.57,103.74,105.81,105.48,103.47,97.33,103.43,94.05,99.08,96.03,97.2,98.24,94.68,93.56,87.58,90.66,69.04,70.41,71.38,67.45,69.56,84.82,84.31,84.04,83.39,82.8,83.08
CHL,Chile,Climate Watch,Total including LULUCF,All GHG,MtCO₂e,102.97,111.27,112.17,112.5,119.18,113.08,114.12,111.41,88.61,82.43,89.74,86.42,83.71,69.73,64.94,67.61,63.83,56.59,55.23,54.23,48.55,47.17,46.31,50.78,54.85,52.05,51.11,43.97,37.63,33.96,29.92,27.26,25.61,26.74
CMR,Cameroon,Climate Watch,Total including LULUCF,All GHG,MtCO₂e,102.36,102.87,102.12,135.24,133.7,132.8,132.02,132.16,67.35,65.96,64.76,63.13,62.8,70.45,69.8,70.01,69.82,69.76,72.94,70.23,72.83,69.57,68.92,82.49,81.01,82.13,78.06,77.13,75.47,75.78,77.48,79.07,78.97,73.07
CZE,Czech Republic,Climate Watch,Total including LULUCF,All GHG,MtCO₂e,98.62,110.57,111.9,106.59,116.33,121.76,122.98,122.81,121.21,119.43,122.13,127.46,131.04,135.18,133.93,140.36,145.85,144.18,143.11,144.62,144.36,141.14,146.48,147.63,135.85,144.53,151.58,154.66,150.43,151.7,158.81,165.72,173.17,189.84
BEL,Belgium,Climate Watch,Total including LULUCF,All GHG,MtCO₂e,95.14,99.23,105.48,104.64,113.13,114.62,113.92,115.82,111.25,106.53,112.55,111.67,113.07,123.78,116.39,123.2,120.24,124.75,128.51,131.36,133.34,129.82,137.47,136.21,135.94,140.17,138.37,144.36,139.3,138.7,132.65,135.2,136.87,132.19
ROU,Romania,Climate Watch,Total including LULUCF,All GHG,MtCO₂e,90.91,95.1,99.71,58.79,65.21,66.76,65.44,62.07,64.91,62.84,63.47,72.89,75.56,87.98,91.13,107.29,109.48,112.31,108.79,109.57,111.59,106.6,109.07,113.89,109.88,125.96,142.38,154.54,150.94,145.4,149.82,161.09,182.02,221.94
MDG,Madagascar,Climate Watch,Total including LULUCF,All GHG,MtCO₂e,90.31,86.47,86.82,75.93,77.13,75.48,77.05,77.55,109.44,108.65,108.09,108.92,108.4,108.79,108.09,106.93,108.28,106.84,108.75,104.31,105.45,102.78,105.42,113.58,114.91,115.24,114.01,114.64,113.99,113.31,113.48,113.06,112.78,112.75
ECU,Ecuador,Climate Watch,Total including LULUCF,All GHG,MtCO₂e,89.02,87.88,84.98,96.57,103.29,101.72,102.06,103.52,92.73,94.47,92.72,89.43,89.92,101.79,97.95,94.88,93.29,93.94,91.63,90.19,85.26,84.06,85.04,88.42,89.5,92.39,94.62,92.96,88.7,86.43,82.88,81.2,78.81,78.36
ZMB,Zambia,Climate Watch,Total including LULUCF,All GHG,MtCO₂e,87.14,89.69,87.22,87.87,91.46,90.18,90.96,89.56,101.47,95.52,95.34,95.19,91.93,76.7,67.43,71.02,67.0,64.47,71.64,70.11,68.19,59.42,56.79,48.35,51.87,53.37,52.02,51.41,63.29,63.37,63.95,64.27,63.95,63.55
ISR,Israel,Climate Watch,Total including LULUCF,All GHG,MtCO₂e,84.85,86.6,82.47,81.78,85.24,82.9,86.79,85.57,85.88,83.97,85.84,94.69,87.96,88.13,82.32,82.68,81.85,78.7,74.43,76.01,75.22,72.68,68.97,67.52,62.59,60.34,58.96,55.88,52.64,48.56,44.98,40.61,37.53,36.69
MNG,Mongolia,Climate Watch,Total including LULUCF,All GHG,MtCO₂e,83.55,82.21,78.97,76.75,79.9,76.43,74.51,71.28,68.77,67.46,65.02,62.55,59.33,56.35,59.08,57.85,57.73,54.94,52.01,49.2,49.4,49.64,51.54,54.95,53.74,53.6,53.95,51.7,52.23,51.25,53.07,54.28,56.54,54.3
CIV,Côte d'Ivoire,Climate Watch,Total including LULUCF,All GHG,MtCO₂e,83.32,80.52,78.21,63.06,61.36,58.76,58.15,56.25,73.78,73.65,73.51,72.0,70.27,72.61,71.97,72.8,72.64,72.46,72.76,70.83,71.29,73.44,72.8,107.21,107.21,105.08,104.32,102.6,101.61,100.67,97.52,94.55,91.61,88.58
SYR,Syria,Climate Watch,Total including LULUCF,All GHG,MtCO₂e,76.98,72.88,71.86,73.27,71.38,68.37,65.34,58.96,61.55,64.85,71.57,104.65,138.09,140.52,138.69,141.7,140.97,138.28,136.75,128.55,143.12,144.15,140.27,141.59,142.01,142.05,138.98,140.05,139.44,134.38,128.99,121.75,111.25,95.46
PRK,North Korea,Climate Watch,Total including LULUCF,All GHG,MtCO₂e,75.44,72.47,70.29,83.45,88.46,80.81,89.18,51.95,47.88,57.78,53.76,63.46,64.84,81.26,83.85,88.29,80.31,95.41,93.86,89.84,86.96,85.17,88.77,89.04,85.28,80.68,87.47,90.83,102.53,111.32,123.13,133.14,148.11,156.16
MLI,Mali,Climate Watch,Total including LULUCF,All GHG,MtCO₂e,75.17,73.16,71.83,72.14,69.7,66.6,65.25,64.6,64.62,63.24,62.34,61.32,60.5,56.74,54.83,54.48,53.11,52.06,51.8,50.91,48.58,47.93,47.58,46.07,45.87,44.87,40.69,39.93,39.6,39.24,38.98,38.76,38.69,38.76
GRC,Greece,Climate Watch,Total including LULUCF,All GHG,MtCO₂e,73.65,76.56,76.14,63.88,73.43,79.31,81.78,81.48,86.94,88.7,91.83,99.58,104.03,112.58,118.92,124.9,128.84,124.37,127.65,125.98,126.01,123.24,122.95,123.06,118.35,116.9,112.32,111.05,109.56,104.15,101.06,100.03,98.1,97.87
KEN,Kenya,Climate Watch,Total including LULUCF,All GHG,MtCO₂e,72.64,67.85,72.8,84.72,76.89,68.79,67.26,69.31,81.01,79.5,76.65,76.14,77.18,60.01,58.65,58.17,56.94,39.7,39.13,38.72,35.88,34.58,33.48,50.96,52.07,50.12,48.9,49.16,49.88,48.77,48.33,48.46,48.38,49.63
PRY,Paraguay,Climate Watch,Total including LULUCF,All GHG,MtCO₂e,71.78,71.76,74.7,97.63,97.53,95.09,96.73,94.14,102.96,103.52,102.5,101.96,100.98,103.96,101.69,99.67,102.37,98.6,98.88,97.44,99.95,98.59,98.0,95.82,101.51,98.64,99.0,98.17,98.69,96.98,96.8,96.21,96.72,99.5
NZL,New Zealand,Climate Watch,Total including LULUCF,All GHG,MtCO₂e,69.95,71.26,75.01,67.83,70.79,70.0,70.71,69.15,64.87,65.68,64.96,65.48,62.85,63.2,63.14,65.95,65.99,67.26,67.22,65.87,66.38,64.07,62.96,62.07,61.86,59.64,61.42,58.91,58.49,57.12,55.51,56.25,55.43,55.75
IRL,Ireland,Climate Watch,Total including LULUCF,All GHG,MtCO₂e,68.49,71.95,73.35,66.61,68.79,70.77,73.58,74.45,70.48,68.6,68.24,69.14,67.71,72.76,74.0,79.45,80.42,81.57,81.52,80.07,80.68,79.6,80.93,78.98,75.78,74.05,70.81,69.53,68.2,67.49,66.08,65.45,65.28,64.69
SSD,South Sudan,Climate Watch,Total including LULUCF,All GHG,MtCO₂e,68.21,65.77,68.78,73.28,63.93,72.67,66.18,68.77,66.68,66.68,64.56,64.02,58.66,58.28,60.06,59.8,60.11,56.62,59.78,57.31,56.13,54.47,52.62,68.17,72.62,69.3,61.36,52.93,47.43,46.39,44.45,42.38,39.87,38.93
UGA,Uganda,Climate Watch,Total including LULUCF,All GHG,MtCO₂e,64.25,63.3,62.87,87.15,85.47,85.72,83.92,83.48,62.7,60.03,58.41,58.09,56.18,55.61,53.84,53.28,46.52,43.68,44.91,42.79,42.66,40.79,39.88,56.03,56.21,56.33,54.84,53.36,52.39,51.65,51.91,51.47,51.09,50.53
SGP,Singapore,Climate Watch,Total including LULUCF,All GHG,MtCO₂e,64.09,63.55,62.48,59.72,60.54,60.01,61.71,58.8,58.86,57.32,56.33,55.4,55.84,53.16,49.7,48.68,48.04,47.19,47.1,50.08,48.92,52.1,52.59,52.35,47.82,46.86,46.86,47.02,45.87,45.77,43.86,39.06,38.09,36.62
BHR,Bahrain,Climate Watch,Total including LULUCF,All GHG,MtCO₂e,62.53,60.85,58.35,57.37,57.36,53.88,53.25,52.33,51.69,50.95,48.76,45.81,44.23,44.38,42.47,41.95,40.12,38.42,35.59,31.68,30.85,30.72,28.82,28.43,27.53,27.19,25.48,24.38,23.14,22.45,22.12,19.96,17.21,17.49
AUT,Austria,Climate Watch,Total including LULUCF,All GHG,MtCO₂e,61.74,66.04,69.59,66.89,72.35,71.28,74.5,72.44,72.13,70.8,74.6,73.96,77.42,77.96,72.24,79.29,79.58,82.57,84.79,84.76,83.87,79.0,77.49,67.36,67.16,69.01,69.08,70.1,66.41,63.84,63.66,64.06,69.82,65.54
CAF,Central African Republic,Climate Watch,Total including LULUCF,All GHG,MtCO₂e,57.59,66.7,65.44,64.66,64.5,66.46,65.57,71.35,55.72,54.91,58.44,60.59,64.49,60.85,51.63,64.15,65.91,62.02,64.8,56.47,67.11,51.68,57.32,47.13,46.11,49.92,44.55,41.06,54.51,54.37,54.23,54.16,54.08,53.76
HUN,Hungary,Climate Watch,Total including LULUCF,All GHG,MtCO₂e,54.7,59.88,63.71,62.34,63.94,63.95,63.95,61.77,61.12,58.21,58.31,60.64,64.22,65.75,65.72,71.31,72.7,75.21,75.91,76.67,77.95,75.46,77.02,74.78,77.77,77.07,77.17,78.79,76.71,78.13,78.32,77.8,87.41,92.16
FIN,Finland,Climate Watch,Total including LULUCF,All GHG,MtCO₂e,54.62,59.04,61.22,42.94,47.79,50.7,49.37,51.95,6.12,9.64,13.69,13.0,18.6,66.1,58.15,61.35,69.76,71.62,59.9,72.21,76.03,67.72,65.37,44.14,45.82,46.34,49.94,51.84,45.39,49.39,42.76,41.54,44.64,44.7
BFA,Burkina Faso,Climate Watch,Total including LULUCF,All GHG,MtCO₂e,54.6,53.11,52.79,49.03,52.67,51.84,50.89,49.9,48.23,46.92,46.4,45.65,44.99,46.48,44.79,44.06,43.09,42.35,42.31,41.56,40.8,37.22,36.41,47.29,45.86,45.95,45.0,44.38,43.16,42.68,42.34,42.05,41.69,41.26
LAO,Laos,Climate Watch,Total including LULUCF,All GHG,MtCO₂e,53.76,47.26,47.27,59.18,56.12,55.2,54.91,53.75,39.3,34.58,34.31,33.22,31.06,-44.39,-48.58,-49.98,-44.86,-50.69,-49.49,-46.53,-51.41,-52.01,-53.3,19.11,17.77,19.19,17.4,17.79,17.82,17.81,17.46,17.46,17.19,17.32
SWE,Sweden,Climate Watch,Total including LULUCF,All GHG,MtCO₂e,53.64,54.84,57.73,48.11,49.57,50.12,52.22,52.37,20.61,20.67,21.85,23.66,26.44,46.51,40.78,44.52,45.7,47.66,49.16,52.78,54.1,53.04,51.67,52.4,56.31,57.56,56.73,62.92,57.35,57.74,55.91,55.98,53.38,52.75
AZE,Azerbaijan,Climate Watch,Total including LULUCF,All GHG,MtCO₂e,53.11,50.87,48.42,44.64,46.59,44.97,43.74,44.55,46.32,46.99,46.07,45.34,42.58,41.72,43.23,47.86,43.5,44.72,42.44,39.44,39.34,36.63,36.6,37.35,35.53,35.3,34.64,35.03,40.48,41.45,70.1,104.61,121.73,127.78
PRT,Portugal,Climate Watch,Total including LULUCF,All GHG,MtCO₂e,51.34,53.64,52.87,60.11,65.75,70.39,75.24,69.86,65.91,62.02,62.49,64.27,66.03,67.45,73.06,73.75,75.78,77.25,82.66,78.91,77.57,82.0,77.49,77.78,78.09,71.27,66.17,63.85,65.35,61.77,59.96,61.13,57.18,55.48
ZWE,Zimbabwe,Climate Watch,Total including LULUCF,All GHG,MtCO₂e,50.45,48.35,45.66,43.77,46.51,46.03,44.35,44.79,49.05,47.36,49.21,49.73,53.55,62.63,59.59,58.88,60.73,60.12,61.46,61.07,61.16,63.78,67.35,66.53,73.15,70.71,69.32,70.11,67.96,68.06,68.58,72.03,70.95,70.64
GIN,Guinea,Climate Watch,Total including LULUCF,All GHG,MtCO₂e,50.33,50.59,48.15,47.82,46.71,45.47,45.21,44.63,42.1,41.78,41.21,41.13,39.86,38.64,36.17,35.74,35.06,34.75,34.39,32.92,32.95,32.59,31.46,30.94,30.61,31.15,29.75,29.42,29.98,29.66,29.2,28.78,28.35,28.06
NOR,Norway,Climate Watch,Total including LULUCF,All GHG,MtCO₂e,49.49,51.06,51.67,42.36,44.01,45.39,45.98,46.31,36.08,35.36,35.51,34.79,35.18,32.15,29.97,30.81,30.34,29.93,29.54,30.59,30.28,28.13,28.75,36.28,41.84,39.81,38.55,36.79,36.8,37.01,34.98,32.47,32.21,35.24
GTM,Guatemala,Climate Watch,Total including LULUCF,All GHG,MtCO₂e,49.22,46.81,47.7,45.01,46.31,44.81,42.78,43.12,42.45,39.42,38.42,37.09,36.3,47.98,48.69,46.34,47.7,45.73,46.73,43.89,45.44,43.12,41.15,48.56,46.31,47.32,43.5,43.23,42.93,41.74,41.7,40.97,39.64,39.16
NER,Niger,Climate Watch,Total including LULUCF,All GHG,MtCO₂e,45.64,46.19,44.01,42.48,40.5,38.68,36.92,35.66,34.14,33.13,31.57,29.49,27.55,26.93,26.99,25.75,24.65,23.56,22.76,21.94,21.13,20.28,19.57,23.36,23.51,22.98,22.1,21.21,20.49,19.93,19.45,18.81,18.35,17.92
DOM,Dominican Republic,Climate Watch,Total including LULUCF,All GHG,MtCO₂e,45.35,43.33,42.37,40.28,41.72,39.0,36.56,37.32,35.33,32.99,32.76,33.09,32.36,36.96,35.23,35.36,34.82,33.2,30.9,29.22,29.5,31.46,28.65,27.23,26.54,25.99,24.0,22.38,21.51,21.05,19.06,18.51,17.03,15.87
TUN,Tunisia,Climate Watch,Total including LULUCF,All GHG,MtCO₂e,43.31,44.91,45.72,42.13,43.71,43.54,43.51,43.15,50.68,50.64,48.45,48.49,45.9,40.27,38.06,37.6,37.07,35.31,34.06,33.31,31.72,31.59,31.38,30.38,29.22,28.13,26.77,26.32,24.78,24.54,25.05,24.7,23.08,22.52
CHE,Switzerland,Climate Watch,Total including LULUCF,All GHG,MtCO₂e,43.05,43.91,47.06,45.43,47.91,48.19,49.53,50.43,48.56,49.29,53.16,52.1,50.8,53.78,52.13,53.72,52.62,54.58,54.92,54.21,53.73,52.63,54.23,50.97,51.72,51.59,50.14,51.62,51.01,50.11,51.05,53.37,53.51,51.31
NPL,Nepal,Climate Watch,Total including LULUCF,All GHG,MtCO₂e,43.03,48.01,55.89,54.32,51.96,52.04,49.69,49.53,45.47,46.55,45.41,43.53,43.8,39.44,37.77,36.02,34.74,33.79,34.48,33.57,33.51,31.94,32.66,31.82,31.42,30.0,29.15,28.59,28.58,27.68,26.1,25.98,25.06,25.23
SRB,Serbia,Climate Watch,Total including LULUCF,All GHG,MtCO₂e,42.27,43.64,42.33,45.82,44.54,44.29,45.81,45.02,41.43,34.58,42.86,42.39,47.03,42.93,42.54,45.3,46.93,47.88,45.34,52.72,47.19,43.83,40.13,51.5,49.53,67.98,68.21,63.25,55.63,49.13,52.78,58.59,65.08,75.71
PNG,Papua New Guinea,Climate Watch,Total including LULUCF,All GHG,MtCO₂e,41.08,40.77,39.88,46.95,46.04,45.41,45.14,45.14,39.28,34.89,31.66,31.32,31.57,38.62,38.75,38.61,39.01,39.24,39.28,40.41,39.18,39.0,38.24,37.87,36.78,35.61,49.98,34.85,35.04,33.41,33.43,32.18,31.25,32.54
DNK,Denmark,Climate Watch,Total including LULUCF,All GHG,MtCO₂e,38.1,40.8,42.53,43.0,45.25,48.96,49.24,51.57,47.23,49.36,53.54,52.05,57.04,64.29,64.06,66.74,70.23,74.91,67.14,70.82,76.95,71.45,72.26,70.94,74.82,77.82,81.8,91.65,78.25,81.35,77.74,75.22,81.37,70.55
CUB,Cuba,Climate Watch,Total including LULUCF,All GHG,MtCO₂e,37.25,39.81,39.92,30.09,34.06,36.03,35.69,36.98,40.19,38.3,40.46,40.18,39.21,25.21,24.12,23.16,23.84,23.0,22.06,22.03,22.74,25.08,26.12,37.88,37.59,37.25,37.8,35.69,33.13,32.17,30.34,33.46,39.22,48.04
JOR,Jordan,Climate Watch,Total including LULUCF,All GHG,MtCO₂e,35.75,33.14,31.02,29.66,31.68,33.24,34.24,32.62,32.83,32.86,30.92,31.06,27.5,26.93,27.28,26.65,27.41,26.27,25.87,24.28,22.79,22.2,21.35,21.18,20.84,21.96,22.96,23.64,24.61,25.17,21.85,18.95,13.91,13.89
URY,Uruguay,Climate Watch,Total including LULUCF,All GHG,MtCO₂e,35.51,35.25,36.19,36.04,37.95,37.65,37.89,38.73,27.58,27.71,28.25,29.3,28.64,28.99,31.53,32.01,29.37,30.44,28.28,28.11,26.24,25.34,24.91,26.79,28.76,27.72,27.42,27.76,26.44,26.26,26.38,25.83,24.17,22.53
LKA,Sri Lanka,Climate Watch,Total including LULUCF,All GHG,MtCO₂e,34.18,35.46,38.43,36.29,36.88,34.73,35.36,36.61,36.66,34.41,31.94,34.81,33.0,30.4,28.93,29.64,29.26,28.3,29.77,27.67,27.53,26.18,25.3,26.34,27.0,27.49,29.95,31.78,31.78,33.72,29.85,26.63,21.77,22.26
YEM,Yemen,Climate Watch,Total including LULUCF,All GHG,MtCO₂e,34.14,38.72,39.9,39.55,39.97,36.31,31.37,25.52,31.26,58.79,62.02,52.36,58.23,66.34,65.72,62.89,64.96,65.5,64.26,61.36,61.86,58.0,57.87,56.97,51.93,47.59,45.96,43.5,42.77,41.16,31.2,27.34,26.97,25.09
SOM,Somalia,Climate Watch,Total including LULUCF,All GHG,MtCO₂e,33.97,33.77,33.66,212.49,212.15,211.79,211.46,211.38,63.34,63.16,62.89,62.71,62.31,44.65,44.35,44.22,44.09,45.17,46.43,45.82,45.4,45.05,44.58,43.92,43.57,43.33,43.34,42.8,42.19,41.47,39.41,37.32,39.35,42.47
SEN,Senegal,Climate Watch,Total including LULUCF,All GHG,MtCO₂e,33.51,34.01,32.45,30.26,29.34,28.35,27.91,27.76,25.48,24.88,24.28,23.31,23.87,23.02,22.05,21.32,20.38,20.27,19.74,19.36,17.65,18.68,19.32,22.39,22.5,20.24,18.95,18.39,16.7,16.28,15.75,15.23,14.39,14.14
SVK,Slovakia,Climate Watch,Total including LULUCF,All GHG,MtCO₂e,32.61,33.54,36.22,33.48,35.63,37.62,38.31,36.34,29.42,29.13,31.79,31.28,33.31,34.2,32.48,36.01,36.08,37.03,37.55,36.82,37.52,37.35,38.03,36.45,39.11,40.6,41.81,41.98,42.04,41.55,44.45,47.15,50.8,59.27
AFG,Afghanistan,Climate Watch,Total including LULUCF,All GHG,MtCO₂e,31.52,31.08,30.56,31.81,30.92,30.74,29.59,28.95,29.9,29.82,29.54,30.34,32.1,28.49,24.22,21.49,18.51,17.78,17.32,16.09,16.47,15.69,12.83,14.68,16.6,15.62,14.75,13.73,12.61,12.17,12.03,11.76,12.2,13.65
BEN,Benin,Climate Watch,Total including LULUCF,All GHG,MtCO₂e,30.37,28.42,27.74,30.12,29.91,29.45,28.19,28.0,51.92,51.5,51.03,50.34,50.42,51.86,51.65,50.97,51.25,50.5,50.17,48.96,48.8,48.75,47.67,3.58,3.46,3.54,2.44,2.09,0.36,0.57,0.28,0.2,0.06,-0.04
BGR,Bulgaria,Climate Watch,Total including LULUCF,All GHG,MtCO₂e,27.83,39.45,35.41,26.41,31.55,33.41,36.76,34.61,44.02,41.58,38.93,44.06,49.68,32.44,30.66,38.09,40.51,36.31,36.21,36.15,37.32,32.15,34.45,33.93,34.43,41.13,44.65,47.7,46.99,45.6,49.54,51.02,56.71,73.7
NIC,Nicaragua,Climate Watch,Total including LULUCF,All GHG,MtCO₂e,26.34,24.85,24.46,24.06,24.33,23.9,24.03,24.18,23.85,22.93,22.0,21.71,21.36,35.26,34.83,34.79,34.89,34.73,34.56,33.98,34.53,33.36,32.91,32.9,32.32,31.73,30.75,29.87,29.9,30.58,30.22,29.45,28.42,29.87
PAN,Panama,Climate Watch,Total including LULUCF,All GHG,MtCO₂e,25.05,23.59,22.12,21.01,25.14,20.59,19.48,19.89,20.71,20.82,20.34,20.41,19.9,20.4,19.33,17.57,17.73,17.66,17.12,15.44,15.45,15.15,15.89,15.98,16.08,16.98,15.94,16.05,16.08,15.91,15.53,15.16,14.31,13.84
LBR,Liberia,Climate Watch,Total including LULUCF,All GHG,MtCO₂e,24.55,24.57,24.45,58.74,59.17,58.5,58.62,58.66,68.37,67.61,67.35,67.37,67.3,23.38,24.13,23.13,23.15,23.38,23.07,23.01,22.97,22.82,22.79,0.92,0.88,0.99,0.91,0.87,0.97,0.96,0.96,0.97,0.93,1.05
LTU,Lithuania,Climate Watch,Total including LULUCF,All GHG,MtCO₂e,24.53,24.92,25.76,23.15,23.2,23.06,23.24,23.31,19.63,19.33,19.68,20.47,20.23,27.11,25.9,27.74,28.1,27.62,27.37,26.44,25.68,25.52,25.18,25.48,27.31,30.13,29.36,29.63,29.08,30.71,32.58,38.62,54.24,52.62
TTO,Trinidad and Tobago,Climate Watch,Total including LULUCF,All GHG,MtCO₂e,24.39,24.43,23.43,25.48,27.9,28.27,28.37,28.32,32.03,33.01,33.09,32.11,32.83,32.02,28.85,29.78,29.97,29.33,25.85,23.58,22.45,18.56,16.74,15.02,14.24,13.87,13.67,13.36,12.35,12.82,17.1,22.48,22.84,23.42
BWA,Botswana,Climate Watch,Total including LULUCF,All GHG,MtCO₂e,23.68,20.57,22.11,13.34,10.67,13.56,16.0,11.73,12.99,13.51,14.74,15.84,29.11,23.91,11.35,21.43,12.05,13.58,11.64,10.08,9.65,17.76,17.39,14.57,14.97,14.98,15.27,15.72,14.72,13.82,13.55,13.82,13.48,14.28
BIH,Bosnia and Herzegovina,Climate Watch,Total including LULUCF,All GHG,MtCO₂e,22.6,24.37,23.96,26.95,26.93,28.66,28.52,28.05,21.74,21.51,24.05,24.44,26.15,21.18,21.14,21.19,19.2,18.1,16.29,15.58,14.45,14.12,13.98,9.33,5.52,5.37,2.66,-2.04,-2.84,-2.69,7.77,11.07,16.97,19.69
MWI,Malawi,Climate Watch,Total including LULUCF,All GHG,MtCO₂e,21.74,20.32,19.85,20.06,19.35,18.38,16.61,16.58,16.15,15.79,15.3,15.25,14.76,14.84,13.67,13.86,13.3,12.76,12.86,12.53,12.7,12.19,11.87,11.78,11.81,11.81,11.58,11.7,11.65,11.44,11.81,11.68,11.68,11.51
GAB,Gabon,Climate Watch,Total including LULUCF,All GHG,MtCO₂e,20.54,20.42,19.73,20.34,20.8,19.85,20.63,21.91,25.18,24.99,24.56,24.4,24.96,18.5,17.6,17.8,16.95,18.01,19.61,20.15,20.55,18.99,19.59,22.86,23.37,24.41,23.06,23.34,22.22,20.82,19.87,19.68,19.61,18.44
HRV,Croatia,Climate Watch,Total including LULUCF,All GHG,MtCO₂e,20.37,19.51,19.19,17.85,18.63,18.47,19.55,18.75,21.83,21.17,21.86,22.85,24.74,25.66,26.17,28.52,29.32,27.8,27.12,26.84,26.89,25.48,24.22,23.05,23.52,22.6,22.08,20.73,20.22,19.8,20.66,20.91,22.32,28.92
GUY,Guyana,Climate Watch,Total including LULUCF,All GHG,MtCO₂e,19.42,18.33,17.13,18.88,17.92,17.57,17.45,17.32,20.06,19.96,19.72,19.55,19.32,11.61,11.34,11.3,11.16,10.84,11.05,11.4,11.14,10.84,10.96,10.2,10.55,10.57,10.42,10.13,9.88,9.16,8.85,8.03,8.02,7.94
KGZ,Kyrgyzstan,Climate Watch,Total including LULUCF,All GHG,MtCO₂e,19.29,19.05,18.77,15.32,15.98,17.07,14.75,14.54,16.25,15.91,15.53,15.96,13.27,13.83,14.57,14.76,13.28,12.12,12.19,12.08,11.54,10.39,9.03,8.46,8.37,9.58,9.32,9.6,8.83,11.64,16.27,20.83,28.69,31.21
EST,Estonia,Climate Watch,Total including LULUCF,All GHG,MtCO₂e,18.91,22.36,20.77,19.15,22.21,27.87,28.87,27.94,14.32,17.46,18.84,16.86,18.34,23.3,18.8,22.31,24.58,20.87,21.53,21.62,21.36,19.46,19.89,19.2,19.64,20.23,21.56,21.98,21.19,23.24,23.24,28.59,38.5,41.47
TJK,Tajikistan,Climate Watch,Total including LULUCF,All GHG,MtCO₂e,18.73,18.53,18.06,17.69,17.18,15.82,14.42,13.3,12.43,11.84,10.27,9.86,9.04,9.58,9.53,9.92,10.06,9.1,8.53,8.59,7.66,8.09,7.62,8.1,8.31,8.66,8.8,8.51,9.41,10.35,13.27,17.57,18.23,19.32
LBN,Lebanon,Climate Watch,Total including LULUCF,All GHG,MtCO₂e,18.33,16.2,22.3,27.33,32.4,32.75,34.42,32.8,31.66,29.65,27.54,29.11,26.58,25.99,26.85,23.38,19.51,20.52,21.4,21.89,21.24,20.46,20.39,18.9,20.1,19.14,18.8,16.6,15.57,13.28,12.08,8.41,8.07,6.59
LVA,Latvia,Climate Watch,Total including LULUCF,All GHG,MtCO₂e,17.25,17.33,18.0,9.33,9.93,10.08,9.62,9.66,8.94,8.93,9.05,9.13,9.35,1.86,0.71,1.45,1.72,1.28,0.75,0.6,0.61,0.31,0.26,0.95,1.55,2.1,2.5,3.05,3.05,4.63,7.7,10.93,13.97,15.7
CRI,Costa Rica,Climate Watch,Total including LULUCF,All GHG,MtCO₂e,16.97,15.3,15.68,13.4,14.75,14.75,14.49,14.27,8.64,8.68,8.74,8.25,8.26,12.48,12.31,12.68,12.51,11.07,10.68,10.13,10.09,9.71,9.69,6.91,7.1,7.28,6.57,6.56,6.74,7.17,6.8,6.69,5.55,5.24
COG,Congo,Climate Watch,Total including LULUCF,All GHG,MtCO₂e,16.56,17.02,15.16,36.74,37.16,36.08,33.25,32.91,30.32,29.96,30.66,29.48,32.08,27.71,25.49,24.22,23.65,26.5,24.64,22.33,21.57,19.84,22.66,23.4,23.18,22.6,20.98,20.18,19.77,18.83,20.02,20.64,20.33,20.49
SUR,Suriname,Climate Watch,Total including LULUCF,All GHG,MtCO₂e,16.19,16.48,16.39,13.96,14.01,13.42,13.78,14.29,7.59,7.5,7.11,7.26,6.81,6.13,5.82,5.74,5.58,5.71,5.81,5.59,5.24,4.99,5.57,0.61,-0.94,-0.78,-0.79,-0.72,-0.81,-0.88,-0.88,-0.86,-0.96,-1.02
GEO,Georgia,Climate Watch,Total including LULUCF,All GHG,MtCO₂e,15.2,15.16,13.53,14.22,14.21,13.37,13.79,13.9,12.53,12.25,11.52,10.86,9.69,6.25,5.95,6.55,7.72,6.79,4.95,4.55,4.6,4.02,4.51,8.96,9.07,9.8,10.85,12.16,14.21,16.82,23.46,28.15,34.73,43.52
MRT,Mauritania,Climate Watch,Total including LULUCF,All GHG,MtCO₂e,15.16,14.79,14.72,14.32,13.83,13.33,13.19,12.89,13.37,12.45,11.92,11.83,11.28,10.98,10.5,9.52,10.38,10.29,9.62,9.63,9.7,9.61,9.45,9.19,8.82,8.28,7.9,7.59,7.03,6.88,6.96,6.71,6.8,6.56
SLV,El Salvador,Climate Watch,Total including LULUCF,All GHG,MtCO₂e,14.45,13.49,12.72,11.57,12.9,12.05,11.69,12.53,12.79,12.36,12.11,12.9,12.71,13.62,13.88,14.21,14.72,14.2,13.65,13.22,12.84,12.24,11.95,11.25,12.21,11.99,11.87,11.02,11.06,10.79,10.07,9.48,8.88,8.09
SVN,Slovenia,Climate Watch,Total including LULUCF,All GHG,MtCO₂e,14.17,14.89,15.27,16.9,18.04,18.55,18.72,18.55,19.63,19.54,21.05,21.67,22.29,9.48,9.2,11.18,10.19,10.24,9.93,9.7,9.51,9.54,9.49,8.53,8.71,9.36,9.61,9.14,8.33,7.5,7.46,6.75,7.51,8.56
NAM,Namibia,Climate Watch,Total including LULUCF,All GHG,MtCO₂e,13.17,12.27,13.63,13.0,10.34,11.3,12.14,12.07,11.23,10.99,11.8,19.21,17.65,12.44,13.63,10.53,12.04,12.79,11.47,10.61,10.11,9.5,10.65,21.5,20.73,20.7,19.99,20.15,20.12,20.01,19.72,19.76,19.81,18.33
MDA,Moldova,Climate Watch,Total including LULUCF,All GHG,MtCO₂e,12.76,12.42,14.18,13.13,13.72,13.55,12.92,13.1,12.31,12.2,11.65,12.55,12.88,12.13,11.15,11.84,11.91,11.65,12.02,11.64,11.65,11.05,10.89,11.35,12.21,13.81,15.33,17.04,18.97,21.08,24.18,27.7,33.6,39.73
BRN,Brunei,Climate Watch,Total including LULUCF,All GHG,MtCO₂e,11.74,11.53,12.36,12.82,10.57,10.63,10.47,9.98,9.34,10.16,10.21,10.45,10.52,11.19,11.97,12.29,11.22,11.74,8.99,9.12,9.7,8.52,8.55,8.59,8.13,12.5,8.99,8.34,8.18,7.78,7.42,6.89,6.5,6.28
GNQ,Equatorial Guinea,Climate Watch,Total including LULUCF,All GHG,MtCO₂e,11.7,12.13,12.2,13.03,13.26,13.92,14.34,15.58,16.55,17.66,17.85,17.9,18.02,19.08,18.58,20.77,21.26,20.34,20.5,19.91,15.31,13.94,14.93,12.26,12.92,11.18,9.71,8.41,9.68,11.39,10.62,12.61,4.29,4.11
MKD,North Macedonia,Climate Watch,Total including LULUCF,All GHG,MtCO₂e,11.58,11.76,11.05,9.93,11.08,10.17,10.69,10.17,8.98,9.24,9.58,10.51,10.96,13.93,14.04,14.73,14.93,14.42,14.41,14.12,14.36,13.59,14.18,11.99,12.3,13.22,12.46,13.59,12.02,12.09,12.25,11.91,12.38,12.72
SLE,Sierra Leone,Climate Watch,Total including LULUCF,All GHG,MtCO₂e,10.92,10.4,10.94,9.73,9.54,10.5,9.91,9.96,10.02,9.96,9.58,9.44,8.6,8.07,8.04,7.73,7.95,8.74,7.64,7.49,7.15,6.57,6.12,5.9,5.91,6.19,6.09,6.07,6.36,6.49,6.49,6.36,6.3,6.32
ARM,Armenia,Climate Watch,Total including LULUCF,All GHG,MtCO₂e,10.66,11.05,10.73,9.32,8.69,8.25,8.28,8.3,9.05,9.26,9.23,9.32,8.16,7.69,7.87,9.03,8.53,7.87,7.5,6.77,6.38,5.95,6.29,6.21,5.9,6.48,6.56,5.91,7.04,6.5,9.03,15.21,25.92,25.32
JAM,Jamaica,Climate Watch,Total including LULUCF,All GHG,MtCO₂e,10.34,10.51,9.59,10.3,11.24,11.06,9.87,9.5,9.01,9.11,9.32,8.87,9.41,6.48,6.96,8.88,11.14,10.82,9.76,10.11,10.2,9.77,9.59,12.51,12.37,12.05,11.48,11.33,10.99,10.63,10.53,10.27,9.33,9.35
HTI,Haiti,Climate Watch,Total including LULUCF,All GHG,MtCO₂e,9.34,10.21,10.88,10.89,10.99,11.81,11.25,11.12,11.58,11.23,10.82,10.55,10.75,9.82,9.27,9.23,9.18,8.76,8.69,8.57,8.71,8.67,8.39,7.98,7.46,7.32,7.18,6.73,6.44,5.64,5.99,6.36,5.91,5.67
TGO,Togo,Climate Watch,Total including LULUCF,All GHG,MtCO₂e,8.83,8.87,8.25,8.94,8.19,7.82,7.43,7.81,7.28,6.55,7.08,7.21,7.64,7.19,7.39,5.87,5.55,5.86,6.39,5.51,5.72,5.06,4.62,5.04,5.59,5.16,4.22,4.5,3.88,3.92,3.65,3.79,4.1,4.27
ALB,Albania,Climate Watch,Total including LULUCF,All GHG,MtCO₂e,8.56,8.96,9.82,8.69,9.23,9.65,9.83,9.03,12.27,12.59,12.12,11.87,12.39,10.53,10.05,9.82,10.15,10.06,10.06,10.27,10.12,9.69,9.06,8.2,7.79,6.54,6.3,7.02,7.27,7.28,6.28,6.16,8.1,10.44
CYP,Cyprus,Climate Watch,Total including LULUCF,All GHG,MtCO₂e,8.22,8.25,8.18,8.06,8.44,8.4,8.56,8.37,7.89,7.82,7.43,8.12,8.65,8.97,9.3,9.48,9.27,8.94,8.82,8.71,8.76,8.09,7.86,8.13,7.86,7.58,7.25,7.16,6.77,6.88,6.62,6.34,5.91,5.37
BDI,Burundi,Climate Watch,Total including LULUCF,All GHG,MtCO₂e,8.09,8.33,8.1,6.98,7.45,7.11,6.96,6.34,1.04,1.06,1.11,0.71,0.65,5.4,5.13,4.99,4.88,4.83,4.7,4.63,4.58,4.59,4.61,6.73,6.69,6.6,6.67,6.61,6.59,6.42,6.53,6.56,6.56,6.52
LUX,Luxembourg,Climate Watch,Total including LULUCF,All GHG,MtCO₂e,7.65,8.12,9.25,8.63,10.3,10.12,9.83,9.65,9.97,10.48,11.0,11.51,11.74,11.59,11.0,11.58,11.66,12.24,12.45,12.21,10.77,10.35,9.58,8.97,8.34,7.94,8.62,9.12,9.03,11.18,12.02,11.81,12.12,11.63
ERI,Eritrea,Climate Watch,Total including LULUCF,All GHG,MtCO₂e,7.61,7.53,7.45,7.43,7.35,7.29,7.17,7.12,7.04,7.03,6.99,6.97,6.91,6.57,6.64,6.59,6.64,6.33,6.52,6.53,6.58,6.42,6.46,6.77,6.66,6.48,6.67,6.15,5.59,5.45,5.27,5.7,4.63,4.63
MUS,Mauritius,Climate Watch,Total including LULUCF,All GHG,MtCO₂e,7.18,6.84,6.74,6.46,6.88,6.79,6.78,6.6,6.46,6.43,6.25,6.17,6.06,6.15,5.9,5.92,5.83,5.71,5.02,4.82,4.78,4.58,4.58,4.22,3.87,3.34,3.06,2.96,2.78,2.71,2.63,2.46,2.36,2.27
BLZ,Belize,Climate Watch,Total including LULUCF,All GHG,MtCO₂e,6.13,5.93,5.97,6.12,6.12,5.92,5.99,5.95,6.96,6.7,6.84,6.61,7.16,5.17,5.12,5.02,5.12,4.92,4.93,4.75,5.22,4.91,4.82,5.36,6.48,7.75,8.87,10.0,11.3,12.53,12.37,12.22,12.11,11.87
BTN,Bhutan,Climate Watch,Total including LULUCF,All GHG,MtCO₂e,6.12,5.94,5.92,1.85,2.21,2.35,2.32,2.21,1.42,1.3,1.19,1.13,0.94,-2.6,-2.87,-2.86,-3.09,-3.16,-3.13,-3.25,-3.22,-3.24,-3.25,-3.27,-3.21,-3.27,-3.28,-3.36,-3.4,-3.49,-3.53,-3.5,-3.49,-3.35
PSE,Palestine,Climate Watch,Total including LULUCF,All GHG,MtCO₂e,4.75,5.27,4.19,3.8,3.76,3.47,3.76,3.72,3.63,3.57,2.67,2.37,3.16,2.37,2.09,1.75,2.06,1.85,2.1,1.97,2.02,1.6,1.29,0.29,0.27,0.26,0.25,0.26,0.21,0.22,0.0,0.0,0.0,0.0
ATG,Antigua and Barbuda,Climate Watch,Total including LULUCF,All GHG,MtCO₂e,4.67,4.32,3.97,3.61,3.6,3.55,3.51,3.47,3.41,3.34,3.28,3.22,3.16,3.12,2.89,2.62,2.35,2.08,1.79,1.63,1.49,1.34,1.19,1.21,1.09,0.97,0.85,0.73,0.61,0.58,0.54,0.5,0.47,0.43
GMB,Gambia,Climate Watch,Total including LULUCF,All GHG,MtCO₂e,4.22,4.04,3.84,3.93,3.94,3.76,3.9,3.96,4.04,3.82,3.69,3.61,3.52,3.87,3.81,3.42,3.26,3.2,3.11,3.05,2.94,2.84,2.86,3.2,3.83,4.14,4.67,5.26,5.81,6.34,6.86,6.66,6.44,6.26
LSO,Lesotho,Climate Watch,Total including LULUCF,All GHG,MtCO₂e,4.1,4.66,4.47,3.21,3.71,3.87,4.12,3.69,3.74,3.98,3.87,4.68,4.65,3.89,3.85,3.73,3.77,3.68,3.73,3.53,3.57,3.5,3.67,3.66,3.73,3.24,3.36,3.24,3.23,3.31,3.28,3.27,3.06,3.01
BRB,Barbados,Climate Watch,Total including LULUCF,All GHG,MtCO₂e,3.97,3.94,3.8,3.86,3.98,4.01,3.94,3.9,3.85,3.88,4.05,4.05,4.11,4.03,4.14,4.16,3.87,3.84,3.79,3.74,3.68,3.62,3.63,3.64,3.64,3.55,3.75,3.63,3.57,3.53,3.41,3.43,3.47,3.43
TLS,East Timor,Climate Watch,Total including LULUCF,All GHG,MtCO₂e,3.61,3.57,4.94,5.49,5.2,5.16,5.1,5.43,6.28,5.54,5.89,6.02,5.81,5.8,6.26,6.3,5.68,5.2,2.88,1.39,2.38,2.87,2.42,1.78,1.18,1.18,N/A,N/A,N/A,N/A,N/A,N/A,N/A,N/A
MNE,Montenegro,Climate Watch,Total including LULUCF,All GHG,MtCO₂e,3.59,3.48,3.39,3.38,3.45,3.37,3.16,3.01,3.24,3.08,3.13,3.23,3.42,-3.26,-4.12,-3.02,-3.45,-3.42,-3.64,-5.63,-5.74,-6.07,-6.06,-1.79,-1.71,-1.66,-1.64,-1.65,-1.66,-1.71,-1.69,-1.69,-1.54,-1.5
GNB,Guinea-Bissau,Climate Watch,Total including LULUCF,All GHG,MtCO₂e,3.57,3.62,3.54,3.7,3.54,3.37,3.23,3.27,3.59,3.38,3.31,3.58,3.02,3.13,3.03,3.08,3.3,3.39,2.93,2.95,3.06,3.03,2.82,2.57,2.86,2.48,2.23,2.16,2.47,2.42,2.38,2.34,2.3,2.29
SWZ,Eswatini,Climate Watch,Total including LULUCF,All GHG,MtCO₂e,3.55,3.42,3.34,3.27,3.48,3.29,3.32,3.38,3.37,3.42,3.4,3.24,3.22,3.29,3.55,3.7,3.79,3.52,3.6,3.63,3.6,3.59,3.5,3.68,3.9,3.9,3.77,3.74,4.0,4.05,3.3,3.61,3.76,3.76
ISL,Iceland,Climate Watch,Total including LULUCF,All GHG,MtCO₂e,3.35,3.38,3.35,3.25,3.43,3.51,3.46,3.45,3.86,3.76,3.79,3.63,3.66,3.91,4.03,4.35,4.48,4.45,4.01,4.08,4.04,4.08,4.0,4.17,4.13,4.15,4.04,4.09,3.8,3.89,3.8,3.83,4.02,4.13
BHS,Bahamas,Climate Watch,Total including LULUCF,All GHG,MtCO₂e,3.11,3.15,2.94,2.27,2.74,2.66,2.81,2.47,2.44,2.25,2.26,2.22,2.35,2.42,2.36,2.13,2.01,2.0,2.06,2.23,2.17,2.15,2.1,2.3,2.29,2.25,1.84,2.04,2.01,1.93,1.91,2.03,2.17,2.1
MDV,Maldives,Climate Watch,Total including LULUCF,All GHG,MtCO₂e,2.86,2.7,2.47,2.12,2.43,2.14,1.89,1.78,1.6,1.64,1.4,1.4,1.26,1.2,1.14,1.07,1.0,0.95,0.79,0.84,0.66,0.74,0.59,0.56,0.52,0.4,0.42,0.35,0.32,0.26,0.25,0.26,0.19,0.19
MLT,Malta,Climate Watch,Total including LULUCF,All GHG,MtCO₂e,2.45,2.43,2.27,2.23,2.25,2.13,2.09,1.85,2.13,2.81,2.81,3.14,2.96,2.97,2.89,3.09,3.16,3.07,3.0,2.94,2.94,2.64,2.8,2.43,2.7,2.65,2.75,2.59,2.64,2.77,3.07,2.42,2.45,2.54
DJI,Djibouti,Climate Watch,Total including LULUCF,All GHG,MtCO₂e,1.66,1.64,1.64,1.53,1.61,1.53,1.46,1.45,1.54,1.44,1.39,1.3,1.3,1.49,1.41,1.43,1.41,1.37,1.36,1.32,1.33,1.3,1.27,1.25,1.27,1.23,1.15,1.11,1.08,1.02,0.99,0.97,0.95,0.94
VUT,Vanuatu,Climate Watch,Total including LULUCF,All GHG,MtCO₂e,1.21,1.11,1.13,1.12,1.08,1.1,1.09,1.13,1.21,1.29,1.24,1.24,1.25,1.23,1.22,1.22,1.2,1.12,1.12,1.1,1.1,1.08,1.08,1.12,1.13,1.12,1.12,1.12,1.11,1.11,1.1,1.08,1.06,1.05
SYC,Seychelles,Climate Watch,Total including LULUCF,All GHG,MtCO₂e,1.08,1.06,1.03,0.83,0.82,0.81,0.77,0.76,0.76,0.71,0.66,0.66,0.64,0.68,0.67,0.64,0.61,0.59,0.57,0.57,0.52,0.52,0.48,0.44,0.46,0.44,0.42,0.38,0.34,0.33,0.3,0.28,0.27,0.24
SLB,Solomon Islands,Climate Watch,Total including LULUCF,All GHG,MtCO₂e,0.89,0.88,0.89,0.89,0.9,0.9,0.89,0.89,0.89,0.93,0.98,0.94,0.94,0.93,0.92,0.9,0.89,0.88,0.87,0.86,0.84,0.82,0.81,1.0,0.79,0.78,0.77,0.77,0.76,0.75,0.74,0.73,0.72,0.71
CPV,Cabo Verde,Climate Watch,Total including LULUCF,All GHG,MtCO₂e,0.74,0.74,0.72,0.64,0.75,0.69,0.69,0.66,0.63,0.63,0.63,0.65,0.69,0.66,0.63,0.58,0.58,0.64,0.56,0.55,0.53,0.5,0.47,0.46,0.45,0.4,0.37,0.36,0.37,0.28,0.3,0.3,0.27,0.27
COM,Comoros,Climate Watch,Total including LULUCF,All GHG,MtCO₂e,0.62,0.67,0.64,0.57,0.51,0.47,0.45,0.39,0.39,0.37,0.39,0.36,0.35,0.37,0.35,0.32,0.32,0.38,0.4,0.37,0.35,0.33,0.33,0.3,0.31,0.29,0.28,0.28,0.27,0.27,0.27,0.26,0.26,0.33
FJI,Fiji,Climate Watch,Total including LULUCF,All GHG,MtCO₂e,0.52,0.15,-0.17,0.1,0.31,0.17,0.17,0.0,0.12,-0.17,0.22,0.08,0.11,-0.45,-0.77,-0.67,-0.39,-0.33,-0.45,-0.08,-0.38,-0.52,-0.33,-0.87,-0.9,-0.86,-0.83,-0.81,-0.86,-0.93,-1.07,-1.13,-1.18,-1.2
WSM,Samoa,Climate Watch,Total including LULUCF,All GHG,MtCO₂e,0.51,0.49,0.53,0.47,0.5,0.52,0.53,0.54,0.56,0.52,0.51,0.5,0.5,0.47,0.44,0.42,0.44,0.44,0.44,0.44,0.43,0.43,0.42,0.39,0.38,0.39,0.36,0.37,0.35,0.34,0.35,0.33,0.33,0.32
GRD,Grenada,Climate Watch,Total including LULUCF,All GHG,MtCO₂e,0.43,0.41,0.39,0.36,0.4,0.38,0.36,0.34,0.32,0.3,0.36,0.34,0.32,0.33,0.32,0.32,0.29,0.28,0.27,0.25,0.26,0.25,0.24,0.23,0.24,0.23,0.21,0.2,0.18,2.13,0.16,0.15,0.15,0.14
AND,Andorra,Climate Watch,Total including LULUCF,All GHG,MtCO₂e,0.35,0.35,0.34,0.53,0.64,0.65,0.62,0.61,0.59,0.59,0.6,0.61,0.61,0.62,0.62,0.65,0.65,0.65,0.66,0.63,0.59,0.58,0.56,0.6,0.59,0.56,0.54,0.52,0.49,0.47,0.47,0.46,0.46,0.46
LCA,Saint Lucia,Climate Watch,Total including LULUCF,All GHG,MtCO₂e,0.35,0.34,0.33,0.26,0.28,0.29,0.29,0.27,0.22,0.22,0.22,0.22,0.21,0.33,0.26,0.26,0.26,0.24,0.22,0.22,0.2,0.17,0.18,0.2,0.32,0.42,0.5,0.61,0.71,0.81,0.01,-0.01,-0.03,-0.05
VCT,Saint Vincent and the Grenadines,Climate Watch,Total including LULUCF,All GHG,MtCO₂e,0.3,0.29,0.28,0.3,0.28,0.3,0.27,0.3,0.28,0.3,0.26,0.28,0.26,0.27,0.33,0.27,0.28,0.26,0.26,0.33,0.31,0.3,0.3,0.28,0.29,0.28,0.24,0.23,0.23,0.22,0.21,0.18,0.18,0.17
KNA,Saint Kitts and Nevis,Climate Watch,Total including LULUCF,All GHG,MtCO₂e,0.29,0.29,0.27,0.28,0.29,0.28,0.27,0.27,0.26,0.26,0.26,0.25,0.27,0.26,0.26,0.26,0.26,0.24,0.23,0.25,0.23,0.23,0.22,0.21,0.2,0.19,0.17,0.17,0.16,0.21,0.14,0.14,0.14,0.14
DMA,Dominica,Climate Watch,Total including LULUCF,All GHG,MtCO₂e,0.27,0.26,0.25,0.25,0.27,0.26,0.27,0.28,0.31,0.3,0.29,0.3,0.28,0.26,0.28,0.26,0.27,0.24,0.23,0.22,0.19,0.17,0.21,0.21,0.19,0.2,0.2,0.19,0.22,0.22,0.14,0.14,0.14,0.14
TON,Tonga,Climate Watch,Total including LULUCF,All GHG,MtCO₂e,0.27,0.26,0.26,0.26,0.28,0.25,0.26,0.25,0.21,0.22,0.22,0.22,0.22,0.23,0.23,0.22,0.23,0.26,0.25,0.25,0.26,0.24,0.23,0.24,0.26,0.24,0.25,0.24,0.27,0.27,0.19,0.19,0.2,0.19
FSM,Micronesia,Climate Watch,Total including LULUCF,All GHG,MtCO₂e,0.22,0.22,0.22,0.22,0.22,0.22,0.21,0.21,0.22,0.21,0.21,0.2,0.19,0.16,0.21,0.17,0.19,0.17,0.18,0.2,0.22,0.21,0.23,0.25,0.26,0.27,0.26,0.25,0.24,0.22,0.2,0.19,N/A,N/A
STP,São Tomé and Principe,Climate Watch,Total including LULUCF,All GHG,MtCO₂e,0.19,0.18,0.18,0.18,0.18,0.18,0.19,0.18,0.38,0.37,0.35,0.35,0.34,0.15,0.14,0.14,0.13,0.13,0.12,0.12,0.11,0.1,0.09,0.09,0.09,0.09,0.09,0.09,0.09,0.08,0.08,0.08,0.08,0.08
PLW,Palau,Climate Watch,Total including LULUCF,All GHG,MtCO₂e,0.18,0.18,0.17,0.18,0.18,0.18,0.18,0.17,0.17,0.17,0.19,0.18,0.17,0.17,0.16,0.17,0.18,0.19,0.19,0.18,0.18,0.18,0.18,0.15,0.14,0.14,0.14,0.14,0.14,0.14,0.13,0.13,N/A,N/A
MHL,Marshall Islands,Climate Watch,Total including LULUCF,All GHG,MtCO₂e,0.15,0.15,0.15,0.13,0.13,0.13,0.13,0.12,0.15,0.14,0.14,0.14,0.14,0.14,0.14,0.13,0.13,0.12,0.12,0.12,0.11,0.12,0.11,0.1,0.1,0.1,0.09,0.09,0.09,0.09,0.08,0.08,N/A,N/A
LIE,Liechtenstein,Climate Watch,Total including LULUCF,All GHG,MtCO₂e,0.13,0.12,0.14,0.15,0.16,0.16,0.17,0.16,0.17,0.17,0.2,0.2,0.19,0.22,0.23,0.25,0.23,0.26,0.26,0.26,0.26,0.25,0.24,0.24,0.25,0.25,0.24,0.22,0.22,0.22,0.23,0.22,0.22,0.22
COK,Cook Islands,Climate Watch,Total including LULUCF,All GHG,MtCO₂e,0.1,0.09,0.09,0.08,0.1,0.1,0.1,0.09,0.1,0.1,0.1,0.1,0.1,0.09,0.08,0.09,0.08,0.08,0.08,0.07,0.07,0.06,0.07,0.05,0.05,0.05,0.05,0.05,0.04,0.07,0.04,0.03,0.03,0.03
KIR,Kiribati,Climate Watch,Total including LULUCF,All GHG,MtCO₂e,0.09,0.09,0.09,0.09,0.09,0.09,0.09,0.07,0.07,0.07,0.08,0.07,0.07,0.07,0.06,0.06,0.07,0.07,0.06,0.06,0.05,0.05,0.04,0.05,0.04,0.04,0.04,0.04,0.04,0.05,0.04,0.03,0.03,0.03
NRU,Nauru,Climate Watch,Total including LULUCF,All GHG,MtCO₂e,0.06,0.06,0.06,0.06,0.06,0.06,0.06,0.05,0.06,0.05,0.05,0.04,0.04,0.05,0.05,0.05,0.05,0.05,0.07,0.07,0.08,0.09,0.09,0.1,0.1,0.11,0.11,0.11,0.11,0.12,0.12,0.12,0.13,0.13
TUV,Tuvalu,Climate Watch,Total including LULUCF,All GHG,MtCO₂e,0.02,0.02,0.02,0.02,0.02,0.02,0.02,0.02,0.02,0.02,0.02,0.02,0.02,0.02,0.02,0.02,0.02,0.02,0.02,0.02,0.02,0.02,0.02,0.01,0.01,0.02,0.01,0.01,0.01,0.01,0.01,0.01,0.01,0.01
NIU,Niue,Climate Watch,Total including LULUCF,All GHG,MtCO₂e,0.01,0.01,0.01,0.01,0.01,0.01,0.01,0.01,0.01,0.01,0.01,0.01,0.01,0.01,0.03,0.03,0.03,0.03,0.03,0.03,0.02,0.02,0.02,0.02,0.02,0.02,0.02,0.01,0.01,0.01,0.01,0.01,0.01,0.01
RWA,Rwanda,Climate Watch,Total including LULUCF,All GHG,MtCO₂e,-2.45,-2.61,-2.87,-1.67,-1.86,-2.03,-2.28,-2.48,6.0,5.33,5.34,5.14,4.95,6.14,5.82,5.66,5.41,5.24,4.92,5.08,4.97,4.86,4.64,6.95,7.86,7.55,7.68,6.81,6.46,5.47,5.82,5.89,5.95,5.96
HND,Honduras,Climate Watch,Total including LULUCF,All GHG,MtCO₂e,-4.23,-6.49,-6.74,75.89,75.41,74.41,74.18,75.41,-17.09,-17.95,-18.01,-18.73,-18.61,-0.64,-0.61,-0.66,-0.95,-1.74,-2.01,-2.78,-1.85,-4.71,-5.01,18.57,18.07,19.68,19.21,18.77,19.34,18.6,17.82,18.0,17.6,17.51
GHA,Ghana,Climate Watch,Total including LULUCF,All GHG,MtCO₂e,-12.02,-12.59,-13.4,58.17,53.74,52.08,50.95,47.8,47.66,46.08,46.56,44.33,42.58,10.94,9.31,8.19,8.49,8.31,7.09,4.99,5.83,5.87,4.76,38.22,38.59,39.68,36.25,34.91,33.73,33.28,33.09,32.98,32.58,32.5
BLR,Belarus,Climate Watch,Total including LULUCF,All GHG,MtCO₂e,-14.03,-13.48,-10.91,93.77,96.22,97.92,94.75,93.06,97.04,101.86,102.49,102.12,100.3,94.15,89.43,92.49,89.2,90.78,87.74,86.38,83.1,82.32,82.73,76.41,78.86,80.75,82.55,81.96,81.6,89.38,102.63,115.53,130.76,136.04
