WBHUC,Jan_precip,Feb_precip,Mar_precip,Apr_precip,May_precip,Jun_precip,July_precip,Aug_precip,Sept_precip,Oct_precip,Nov_precip,Dec_precip,Annual_precip,
1,30.21,24.77,28.02,34.38,39.96,49.04,51.36,43.56,39.53,40.81,39.06,35.45,456.15,
2,27.16,25.60,36.64,34.78,24.08,4.34,2.10,1.83,2.32,8.80,12.40,21.30,201.36,
3,29.51,26.76,30.98,27.54,17.60,3.20,2.67,2.47,1.50,9.59,14.96,26.83,193.63,
4,22.25,20.89,25.36,19.57,9.77,2.02,1.69,0.90,0.54,2.79,5.89,16.91,128.59,
5,26.16,26.87,26.19,16.33,4.04,0.16,0.61,0.11,0.17,0.95,3.83,14.82,120.23,
6,35.73,32.34,33.08,27.46,15.22,4.02,4.96,3.91,1.59,5.98,11.34,28.45,204.08,
7,24.31,33.20,17.63,7.76,2.38,0.00,3.44,0.97,0.07,0.35,3.17,14.60,107.88,
8,29.37,38.54,29.53,12.21,4.57,0.57,1.81,0.79,0.08,2.15,4.80,19.20,143.62,
9,41.59,44.89,39.26,28.32,11.76,3.53,7.13,5.99,3.71,5.48,10.98,30.46,233.10,
10,39.45,35.91,29.18,15.90,3.83,1.62,2.48,2.90,1.10,2.62,7.59,31.84,174.41,
11,58.42,41.67,37.18,26.38,10.37,2.25,4.73,5.67,2.21,5.78,16.96,46.80,258.43,
12,65.41,37.92,30.39,19.05,5.11,0.59,1.42,1.55,0.84,4.67,23.35,57.63,247.92,
13,57.97,37.71,33.44,26.38,10.83,0.95,2.31,2.35,1.61,6.36,22.72,53.01,255.65,
14,48.13,29.28,21.28,15.51,2.08,0.00,0.00,0.00,0.00,2.76,21.34,43.79,184.16,
15,12.86,9.58,12.32,15.56,8.08,0.76,0.73,0.76,0.00,2.30,8.54,8.40,79.88,
16,32.54,21.07,16.80,15.15,4.07,0.00,0.00,0.00,0.00,2.03,17.82,30.01,139.49,
17,64.70,51.06,57.74,55.00,31.21,5.57,4.66,5.29,3.00,17.63,36.87,61.29,394.01,
18,18.28,12.16,14.78,17.56,7.15,0.39,0.42,0.38,0.19,2.22,10.92,13.92,98.38,
19,13.02,10.87,12.87,14.91,7.77,0.44,0.32,0.45,0.07,3.38,8.08,9.47,81.63,
20,43.07,31.49,31.56,26.27,9.61,0.62,0.49,0.47,0.33,6.97,25.46,35.93,212.26,
21,66.40,67.19,72.53,70.36,35.26,6.95,2.30,1.88,2.69,29.64,54.39,68.15,477.75,
22,31.63,29.65,31.52,28.13,11.15,0.17,0.08,0.18,0.19,8.52,18.10,30.27,189.61,
23,71.00,64.86,62.98,62.30,28.45,2.64,0.42,0.19,1.15,24.97,41.38,68.67,429.02,
24,62.74,57.45,63.83,65.28,51.78,19.59,5.66,3.68,6.53,39.29,53.47,66.94,496.23,
25,6.50,8.34,12.87,17.70,7.95,2.93,6.87,5.40,1.47,2.14,6.23,6.14,84.54,
26,8.03,9.93,17.25,29.53,18.33,10.25,33.15,28.87,11.69,5.46,10.62,11.00,194.10,
27,9.63,8.05,12.51,20.53,15.19,7.34,21.88,19.70,7.82,4.65,12.63,11.48,151.42,
28,5.51,1.95,8.50,12.42,7.82,2.01,2.53,3.06,1.84,2.56,7.84,3.13,59.18,
29,51.28,41.02,36.89,28.79,20.93,10.07,4.42,4.09,6.50,20.84,33.55,54.56,312.95,
30,54.65,46.88,47.00,50.62,55.61,41.58,18.23,14.32,19.31,37.74,42.47,63.74,492.16,
31,80.69,62.07,61.09,65.98,74.43,58.35,39.65,35.01,38.90,54.25,65.97,91.10,727.49,
32,47.16,39.84,42.43,54.40,59.60,41.89,13.85,10.70,16.57,29.39,37.11,53.92,446.84,
33,67.11,51.60,55.33,68.79,77.22,79.21,56.81,54.22,54.37,60.68,70.91,80.72,776.96,
34,51.64,41.26,36.17,44.99,52.61,58.62,56.02,38.29,37.98,32.29,52.75,71.29,573.90,
35,34.69,26.65,28.64,40.91,52.61,61.79,54.27,43.45,36.31,31.53,41.59,46.87,499.31,
36,33.21,26.88,25.16,33.49,44.44,51.66,46.26,34.41,31.84,26.03,38.57,45.12,437.06,
37,43.26,33.19,29.64,37.81,44.82,58.28,55.40,42.61,38.87,32.11,45.60,52.41,514.00,
38,31.62,25.43,23.50,29.02,40.40,44.28,42.28,33.23,32.13,26.36,38.60,40.56,407.42,
39,34.68,25.48,24.05,27.12,41.41,45.83,50.83,41.85,37.17,32.25,42.88,39.21,442.75,
41,35.23,27.04,25.83,29.32,42.95,49.34,60.43,43.18,41.39,37.31,46.43,42.93,481.39,
42,37.07,28.74,28.43,36.49,44.47,62.16,67.13,51.52,48.55,38.54,48.06,47.17,538.34,
44,46.68,37.28,31.64,39.58,46.47,64.42,54.30,41.01,35.12,30.59,47.06,60.87,535.02,
45,43.17,34.80,31.88,36.23,46.27,59.59,54.72,38.07,37.79,26.77,43.28,54.91,507.50,
46,43.50,35.50,33.01,34.98,44.15,56.26,54.01,35.99,33.17,24.44,39.60,49.54,484.16,
48,34.53,30.97,29.21,29.95,38.97,49.67,43.37,32.66,28.79,24.34,33.47,40.19,416.11,
50,32.86,29.45,28.76,28.52,37.72,48.13,42.93,34.11,30.28,26.10,33.49,39.63,411.98,
51,42.34,36.23,33.12,33.61,41.87,52.54,49.04,43.20,39.36,31.59,42.92,53.13,498.94,
52,41.97,33.26,30.93,37.30,45.91,61.24,58.62,43.86,38.10,30.69,40.89,47.78,510.56,
53,42.79,35.06,35.63,39.68,48.73,65.88,73.34,55.23,43.56,38.14,49.50,52.13,579.66,
54,42.49,39.08,35.56,43.26,47.08,72.80,81.40,60.09,43.75,33.87,45.75,50.98,596.10,
55,40.93,33.10,37.13,40.84,48.49,73.66,81.67,61.83,51.57,42.00,51.11,51.43,613.74,
56,38.95,35.19,33.07,45.05,54.84,76.20,90.63,69.72,48.70,34.43,45.94,44.24,616.96,
57,36.17,29.30,34.94,39.50,48.67,79.47,85.12,66.37,54.70,42.71,47.65,46.48,611.07,
58,35.87,29.65,32.12,40.55,52.52,80.25,84.99,68.24,52.74,40.25,45.36,43.11,605.67,
59,33.13,29.31,28.36,38.98,57.41,78.67,79.43,63.93,51.43,39.60,40.83,39.34,580.42,
60,34.37,30.62,28.38,41.08,55.62,80.23,81.43,60.17,50.16,35.45,38.37,39.68,575.57,
62,38.32,36.24,31.92,41.17,50.69,70.08,76.44,54.67,41.86,28.45,38.88,43.41,552.13,
63,35.68,34.31,28.98,33.67,44.12,52.10,60.54,44.36,40.40,25.07,36.78,42.27,478.28,
64,38.81,37.53,31.22,36.82,46.38,58.27,68.95,47.04,40.46,25.83,39.47,41.43,512.21,
65,38.99,38.98,30.97,35.01,42.66,51.28,59.36,39.68,38.63,24.68,39.59,42.43,482.25,
66,37.43,36.29,34.56,46.29,63.77,81.68,82.01,59.50,48.17,32.08,39.86,43.50,605.13,
67,34.48,35.48,28.75,35.51,43.52,56.77,53.49,38.06,41.50,22.49,35.00,36.99,462.05,
68,31.63,35.62,27.62,32.29,42.65,52.32,45.64,36.55,41.20,22.63,32.99,36.63,437.77,
70,32.71,32.87,31.51,47.20,63.73,83.21,75.68,54.49,45.70,28.15,35.62,36.04,566.92,
71,32.80,31.78,33.29,53.82,78.61,96.36,87.40,67.45,48.89,34.16,36.74,35.48,636.80,
72,41.51,41.09,42.74,53.70,75.03,84.73,65.78,55.60,46.80,40.43,52.54,49.94,649.92,
73,70.56,66.01,71.94,86.58,95.98,108.06,93.73,91.90,86.52,82.44,103.35,88.68,1045.75,
75,38.54,34.39,36.81,50.34,74.59,94.33,80.21,69.70,46.09,39.87,46.91,46.73,658.52,
76,40.48,38.97,38.02,50.99,61.49,84.49,66.52,57.01,46.52,35.78,52.53,52.50,625.29,
77,60.82,59.57,70.95,87.34,104.05,127.03,123.62,120.34,94.33,81.23,99.35,70.90,1099.53,
78,50.44,48.09,51.04,62.31,85.63,105.02,97.50,95.55,64.80,52.32,64.99,58.25,835.93,
79,76.31,65.51,66.46,63.18,68.01,64.03,55.16,61.80,66.00,78.53,85.02,82.19,832.20,
80,31.29,27.57,30.80,40.01,64.03,82.75,82.96,72.01,50.93,41.85,43.81,39.00,607.02,
81,37.87,28.49,34.36,38.24,49.94,67.31,78.39,76.26,67.21,55.89,57.62,49.73,641.31,
82,36.50,27.81,35.14,37.23,43.37,64.15,76.69,80.47,68.55,62.62,54.68,48.41,635.61,
83,51.17,38.27,40.77,36.07,41.78,57.31,75.43,78.10,75.25,70.58,63.41,57.68,685.81,
84,37.38,27.31,29.09,36.13,47.12,62.67,75.49,68.52,60.89,60.62,50.82,44.96,601.02,
85,34.63,26.22,27.27,30.94,39.77,51.87,60.84,65.28,58.64,58.36,47.07,39.97,540.86,
86,32.98,25.37,25.76,30.46,39.81,51.08,64.17,68.93,59.41,53.51,44.19,37.88,533.56,
87,32.40,29.78,30.04,22.30,24.25,28.72,39.40,47.61,44.24,37.76,32.96,33.16,402.62,
88,24.04,23.50,23.24,11.55,3.36,0.52,7.53,3.33,0.22,1.10,3.01,11.84,113.25,
89,37.92,39.90,48.03,32.76,13.06,1.54,4.35,4.16,1.70,4.06,9.03,22.43,218.94,
90,27.81,28.23,41.25,36.22,20.81,5.92,3.86,2.51,2.81,11.42,16.98,25.42,223.24,
91,36.22,36.86,53.41,56.54,40.09,13.93,6.27,2.47,4.16,28.95,34.05,39.16,352.11,
92,9.28,9.49,14.35,18.38,21.76,28.83,34.67,30.53,15.78,12.24,11.10,10.26,216.66,
93,17.37,15.34,22.43,29.50,23.87,14.30,10.22,6.93,6.60,18.81,20.40,20.00,205.76,
94,1.61,1.58,3.33,7.12,12.89,24.86,42.44,36.25,15.82,6.51,3.59,2.03,158.04,
95,15.27,11.22,13.93,21.52,17.70,21.58,21.70,17.69,14.96,20.34,19.29,17.79,213.00,
96,15.85,12.71,14.79,22.98,23.48,32.74,37.64,28.19,20.40,24.25,22.73,19.08,274.85,
97,0.21,0.61,5.89,37.28,58.19,190.17,268.62,206.23,125.36,35.90,6.03,0.91,935.40,
98,9.82,24.64,87.71,248.94,368.15,604.45,610.24,435.28,351.83,193.13,37.24,10.28,2981.71,
99,8.37,14.34,31.86,82.44,128.69,251.34,314.56,245.04,168.79,67.18,12.73,7.42,1332.75,
101,16.31,16.88,17.25,20.55,43.01,139.53,308.56,294.88,178.17,41.89,8.31,9.46,1094.80,
102,11.13,20.65,25.52,37.21,65.79,216.41,325.06,336.56,227.55,98.83,19.34,5.82,1389.86,
103,7.97,8.05,11.73,16.06,25.76,156.76,265.13,270.13,179.15,73.89,21.01,9.84,1045.49,
104,10.09,7.93,11.12,25.75,48.49,129.19,208.57,189.49,137.92,95.29,63.49,32.69,960.02,
105,22.99,30.91,40.84,31.62,24.84,25.63,89.34,83.92,36.13,10.42,8.06,16.17,420.87,
106,15.17,18.22,16.77,6.68,3.48,1.80,30.54,21.56,4.13,1.39,2.00,10.63,132.36,
107,19.43,15.70,14.85,18.84,31.06,37.60,52.66,45.01,27.93,35.27,27.67,20.77,346.80,
108,22.55,17.85,19.88,25.71,34.48,52.42,63.61,65.05,53.64,41.08,31.41,26.64,454.33,
109,26.81,20.26,22.76,33.46,44.21,60.85,75.47,73.34,58.77,47.72,38.59,31.22,533.44,
110,27.47,19.58,21.64,30.51,41.98,63.48,74.29,74.55,59.83,48.97,40.38,31.27,533.93,
111,25.07,18.10,19.49,28.92,46.71,61.62,69.38,69.65,49.32,47.15,39.45,30.21,505.07,
112,24.89,17.37,18.50,28.48,41.94,64.93,76.70,70.89,53.51,43.99,37.16,27.18,505.54,
113,23.22,16.49,16.42,26.97,38.12,57.98,73.63,57.14,43.70,37.46,30.71,24.53,446.37,
114,20.99,14.38,15.08,23.64,37.47,59.06,70.59,60.94,41.72,37.23,30.80,22.18,434.08,
115,17.63,12.84,13.35,20.52,30.46,38.83,50.12,38.26,25.21,27.78,22.26,17.69,314.97,
116,17.84,14.03,14.52,21.39,35.44,42.93,53.49,44.18,29.36,33.10,27.23,20.44,353.97,
117,17.80,14.21,15.68,16.00,20.86,32.60,38.59,50.42,41.70,29.54,22.34,22.20,321.94,
118,27.47,19.88,22.18,26.65,35.08,54.93,62.61,68.86,57.02,43.75,36.64,30.11,485.18,
119,28.08,20.60,23.03,23.28,29.38,42.87,51.85,61.61,52.91,39.71,32.45,28.97,434.73,
120,28.01,20.22,23.07,27.39,36.85,55.57,63.96,67.91,58.39,46.48,38.79,31.25,497.88,
121,29.97,21.95,25.38,24.81,32.13,45.73,56.61,60.27,56.27,44.79,36.63,33.40,467.93,
122,32.32,22.75,26.20,28.77,37.98,51.97,62.90,65.63,60.35,53.12,43.29,37.44,522.70,
123,30.21,22.03,24.32,24.11,29.38,42.65,53.27,59.66,54.36,42.47,34.82,32.63,449.90,
124,33.62,23.84,26.82,24.83,30.28,42.47,53.26,57.71,55.44,44.81,36.67,35.67,465.42,
125,32.21,23.32,24.73,22.13,25.70,36.52,45.21,52.51,49.47,39.47,31.85,32.72,415.84,
126,2.98,2.88,5.78,16.31,30.23,64.32,104.19,84.70,39.44,14.21,7.67,2.96,375.67,
127,30.51,22.75,27.17,28.40,31.89,49.23,56.79,62.39,58.10,51.10,40.02,36.49,494.84,
128,19.80,13.57,15.81,22.31,34.88,51.81,57.43,62.84,45.65,35.58,30.98,24.51,415.17,
129,34.74,23.04,26.92,31.67,43.38,55.91,64.27,71.61,66.09,60.07,50.99,42.30,570.99,
130,23.49,15.87,18.32,26.07,41.49,53.62,59.08,71.01,52.06,41.20,39.95,29.38,471.54,
131,30.37,19.81,22.21,29.63,47.47,57.80,64.93,72.16,57.65,52.74,49.21,38.05,542.03,
132,15.40,12.21,17.22,34.57,51.42,66.86,97.22,83.54,51.53,37.44,29.75,23.56,520.70,
133,25.07,16.78,18.51,26.04,44.46,54.12,61.95,72.32,49.66,44.33,43.03,31.14,487.38,
134,14.64,11.69,12.52,23.90,41.77,53.69,87.69,74.75,44.96,30.85,24.70,20.00,441.15,
135,8.54,6.59,8.95,18.20,31.94,58.66,93.81,79.56,41.47,20.30,15.91,13.13,397.06,
136,33.26,25.64,25.86,22.50,22.81,33.37,42.59,46.66,47.11,38.85,31.01,34.16,403.81,
137,21.32,17.86,19.30,19.17,21.04,34.19,41.06,43.38,41.34,34.20,24.72,25.93,343.50,
138,12.51,12.36,12.62,12.38,15.11,25.55,32.93,32.27,28.62,21.77,13.24,15.20,234.57,
139,13.26,11.20,13.77,17.66,23.28,42.43,45.02,48.69,35.80,26.98,19.87,17.46,315.41,
140,10.46,10.35,12.16,13.09,18.22,34.59,38.82,36.10,26.81,22.77,14.97,13.32,251.67,
141,9.54,9.25,11.31,11.97,18.44,34.97,41.03,35.48,26.50,22.71,14.31,11.85,247.36,
142,8.75,9.42,10.68,10.39,13.56,28.31,35.26,31.79,24.42,21.65,12.08,11.08,217.42,
143,9.89,9.06,11.39,13.63,21.21,37.90,44.12,39.43,30.02,26.28,16.35,12.89,272.17,
144,10.81,10.93,12.12,10.44,13.35,28.84,40.11,38.77,31.54,26.86,13.25,14.57,251.60,
145,9.45,9.20,11.81,14.28,22.06,39.58,49.03,45.20,34.03,29.51,16.55,13.47,294.17,
146,11.68,8.44,9.94,14.29,25.91,43.83,51.05,45.62,32.11,24.56,19.61,15.63,302.67,
147,9.06,6.97,7.50,12.49,25.50,49.59,56.21,52.88,34.75,21.18,14.39,11.28,301.82,
148,10.38,8.45,10.07,22.44,41.00,64.34,81.78,77.56,53.11,32.18,18.69,13.59,433.60,
149,12.79,9.01,9.49,13.44,27.23,49.86,55.22,51.67,38.35,24.75,18.63,15.93,326.37,
150,8.60,6.60,8.92,18.60,37.37,72.50,82.58,76.86,46.22,20.35,13.90,11.17,403.66,
151,16.32,10.39,10.04,15.95,32.60,54.11,61.37,58.89,40.65,25.27,24.29,21.07,370.95,
152,14.52,10.32,10.18,17.64,33.14,50.25,76.50,68.91,41.44,24.07,23.92,21.94,392.82,
153,6.08,4.82,6.90,17.34,35.64,71.15,98.20,84.88,46.17,16.40,12.13,9.09,408.80,
154,8.29,8.39,8.44,10.65,16.31,34.73,47.35,43.20,26.03,17.50,10.06,11.73,242.69,
155,5.40,5.53,5.96,11.25,21.79,42.15,53.77,47.83,24.31,15.10,9.09,7.13,249.30,
156,7.35,6.77,5.16,5.33,10.31,20.75,30.75,28.42,18.84,14.38,9.10,6.98,164.14,
157,8.28,7.38,6.02,10.39,19.91,38.97,55.37,46.87,25.14,16.18,11.56,8.06,254.13,
158,14.85,10.78,5.19,4.89,8.22,21.06,35.12,29.08,18.38,16.55,14.38,11.30,189.80,
159,17.86,12.85,8.24,10.51,16.63,33.38,53.09,44.71,27.84,21.20,19.69,15.64,281.65,
160,17.46,9.47,6.97,7.55,7.93,21.82,39.97,36.94,18.71,14.22,18.34,14.42,213.81,
161,27.83,17.94,15.21,17.02,16.80,29.48,50.90,53.34,30.20,25.62,30.41,25.09,339.84,
162,32.31,25.82,23.71,29.59,38.44,48.37,71.97,75.92,60.48,55.51,45.86,36.41,544.39,
163,1.23,1.97,3.67,9.98,21.76,48.60,96.06,78.66,35.34,8.52,3.89,2.87,312.55,
164,13.30,12.59,20.34,41.69,58.82,81.59,121.61,123.07,90.98,55.45,28.42,21.62,669.46,
165,11.87,13.16,20.29,44.87,63.63,93.48,121.34,139.49,95.19,53.26,31.76,17.88,706.20,
166,7.28,6.71,13.29,36.93,57.07,94.34,138.33,144.42,83.12,37.95,17.62,12.46,649.51,
167,2.02,3.40,7.79,22.96,42.33,83.68,148.23,117.51,54.21,22.48,8.35,3.94,516.89,
168,4.95,4.68,10.50,34.42,57.83,96.56,148.08,142.19,80.35,30.93,15.79,9.42,635.70,
169,5.98,4.96,10.87,35.77,52.03,86.67,132.52,119.29,75.61,29.56,17.12,10.18,580.54,
170,2.93,3.43,8.82,24.65,38.96,80.18,120.89,104.26,56.79,18.16,9.80,5.83,474.70,
171,1.35,2.32,4.73,14.39,28.80,63.42,106.12,89.53,39.79,10.53,5.34,3.39,369.70,
172,1.83,2.26,4.77,13.99,24.52,59.22,102.97,85.16,37.31,10.67,5.23,3.36,351.29,
173,26.95,28.57,40.43,62.36,76.79,118.87,177.42,161.11,107.94,63.77,43.70,28.64,936.56,
174,2.44,4.28,11.58,22.85,37.04,51.31,89.17,82.60,58.83,28.55,9.62,2.46,400.73,
175,14.53,19.78,28.56,50.22,60.18,101.28,213.33,154.63,88.62,42.60,29.50,13.03,816.26,
176,21.48,32.66,54.51,90.28,120.40,152.94,149.14,127.61,104.84,68.56,37.81,19.03,979.25,
177,38.22,51.32,74.85,129.41,199.85,237.14,205.76,223.05,169.89,119.44,76.26,38.03,1563.23,
178,11.53,13.61,31.48,70.53,158.99,217.22,231.19,259.64,227.29,148.99,66.14,21.46,1458.08,
179,37.67,29.98,46.00,81.28,182.67,223.65,238.53,264.53,235.63,183.36,121.29,75.84,1720.42,
180,8.81,16.00,28.47,74.44,173.14,353.90,365.89,337.66,234.76,162.29,44.55,11.43,1811.34,
181,5.81,10.83,29.81,101.02,263.44,678.55,736.71,608.55,366.55,216.22,65.96,10.27,3093.72,
182,83.17,97.66,73.14,21.87,11.11,1.78,0.87,3.09,16.12,20.06,31.00,79.32,439.18,
183,25.29,39.66,16.85,0.34,0.00,0.00,0.00,0.14,1.30,1.23,5.36,23.65,113.83,
184,40.13,54.55,33.29,0.93,1.97,0.39,2.35,4.74,0.97,7.64,17.21,49.01,213.18,
185,67.31,68.52,49.39,10.25,8.99,3.17,6.01,6.70,4.16,18.51,33.46,47.82,324.29,
186,78.57,69.05,56.40,16.24,7.06,2.72,3.83,4.08,7.63,16.79,44.17,54.40,360.94,
187,23.89,29.42,19.89,6.77,20.49,11.35,13.76,17.04,8.57,11.45,13.44,18.45,194.51,
188,62.06,53.90,43.77,20.43,17.13,14.75,16.85,15.01,17.38,27.60,39.35,53.40,381.65,
189,92.54,79.05,66.01,23.32,10.88,4.93,6.07,5.49,13.74,30.14,55.80,76.27,464.25,
190,124.11,109.25,119.19,58.76,27.51,15.80,14.85,14.36,35.88,66.21,95.35,123.04,804.31,
191,3.08,10.40,4.03,0.00,0.00,0.00,0.85,0.37,0.00,0.03,0.85,6.75,26.37,
192,5.15,18.31,4.95,0.15,0.00,0.10,0.00,0.00,0.27,0.14,0.70,5.40,35.18,
193,39.46,61.64,54.36,24.03,5.53,1.38,1.37,2.18,7.75,17.70,12.93,26.08,254.42,
194,229.32,255.96,263.87,230.64,95.33,36.99,11.84,23.14,34.23,54.48,53.81,101.65,1391.27,
195,240.90,228.39,243.17,274.36,268.29,215.89,158.36,177.27,199.03,262.98,234.88,212.99,2716.51,
196,201.02,179.08,182.29,292.47,413.80,383.70,377.10,419.67,370.58,532.78,473.81,333.88,4160.17,
197,39.10,34.23,33.65,125.87,213.96,199.67,190.16,224.81,209.52,238.21,176.36,90.05,1775.59,
198,68.41,81.77,113.76,201.13,226.96,166.73,136.95,170.23,200.16,277.50,221.21,111.95,1976.75,
199,32.38,26.40,30.50,82.05,131.86,134.41,129.64,139.67,135.22,165.59,131.37,74.31,1213.41,
200,78.94,38.01,39.10,57.99,116.34,190.78,191.15,164.38,107.66,99.85,110.40,108.48,1303.07,
201,57.95,52.34,66.21,161.73,279.07,403.27,397.22,395.32,284.13,211.69,178.97,111.07,2598.97,
202,27.10,26.68,28.69,97.85,213.15,313.85,333.49,327.16,231.52,167.32,115.86,63.50,1946.16,
203,11.11,15.14,25.94,94.70,196.80,238.01,237.43,208.08,168.67,167.45,92.19,34.93,1490.44,
204,12.48,21.41,39.87,122.02,243.09,341.18,342.37,291.57,206.19,167.52,89.58,29.26,1906.53,
205,28.54,50.58,102.06,251.13,327.78,386.65,345.58,299.42,258.29,251.06,158.38,64.26,2523.74,
206,43.15,49.93,99.77,211.70,337.46,423.79,389.39,314.63,259.64,216.65,155.87,68.85,2570.84,
207,79.79,94.69,156.51,280.84,344.60,383.61,354.95,295.24,263.26,246.17,200.64,119.57,2819.85,
208,105.95,106.85,137.59,249.19,371.06,441.65,414.16,353.67,272.59,211.29,187.68,123.81,2975.49,
209,178.16,99.17,94.92,139.81,256.84,304.27,270.37,202.58,138.99,144.19,177.35,251.76,2258.41,
210,147.18,97.62,103.39,158.86,253.21,305.74,255.43,212.47,146.46,133.65,143.87,179.14,2137.04,
212,154.89,130.60,157.01,213.19,368.69,374.28,306.02,205.77,96.64,80.49,91.89,137.35,2316.81,
213,221.39,151.39,164.68,212.59,358.45,364.92,309.98,215.00,103.39,97.86,121.84,226.55,2548.05,
214,163.44,134.89,184.35,227.76,365.71,328.55,251.13,163.96,77.01,57.38,73.40,120.07,2147.64,
215,218.10,158.79,187.86,252.40,335.79,322.35,262.31,176.26,77.47,68.79,95.36,176.27,2331.75,
216,233.80,197.75,242.47,294.97,384.00,290.31,224.29,154.44,70.23,59.51,88.91,180.96,2421.63,
217,321.38,311.81,368.93,391.94,465.86,302.03,206.58,124.17,54.12,46.29,85.87,208.30,2887.28,
218,242.78,260.36,318.04,344.84,387.18,239.72,182.75,100.79,55.41,42.63,62.53,129.45,2366.50,
219,281.72,310.64,324.28,217.92,101.17,40.96,22.07,38.89,79.60,154.57,195.23,262.06,2029.13,
220,197.03,246.11,303.44,310.95,307.09,185.88,130.23,72.88,51.20,47.02,64.99,132.79,2049.61,
221,290.14,317.15,347.20,202.74,102.29,31.69,17.22,38.17,84.40,159.96,224.81,282.56,2098.33,
222,205.53,236.10,271.16,269.17,285.03,186.52,136.93,79.87,61.80,67.42,85.35,127.08,2011.95,
223,258.42,246.43,237.16,154.34,93.22,43.75,31.24,41.22,73.70,134.29,179.30,235.32,1728.41,
224,258.10,269.93,302.58,286.73,252.00,136.29,101.64,65.72,79.21,110.65,149.12,177.33,2189.32,
225,166.91,151.44,206.45,259.55,322.89,314.77,276.13,217.63,177.22,166.91,166.85,155.19,2581.95,
226,230.86,219.66,254.74,239.56,195.12,145.26,121.71,115.72,143.81,192.94,196.25,212.74,2268.36,
227,335.24,384.93,420.54,414.04,391.19,230.98,175.80,103.96,65.18,54.32,76.49,182.35,2835.02,
228,284.49,314.31,333.26,321.34,210.58,131.24,90.46,52.44,61.21,82.53,103.06,179.67,2164.59,
229,324.98,340.35,371.16,357.26,279.15,193.59,145.07,83.53,73.98,71.82,78.08,165.67,2484.64,
230,330.57,380.74,417.36,403.36,335.57,207.47,164.10,92.44,60.36,52.57,68.14,158.05,2670.74,
231,359.44,425.46,460.16,434.48,326.21,189.60,152.31,92.23,64.99,55.35,68.42,168.80,2797.43,
232,307.24,341.14,350.01,335.50,191.45,103.46,64.26,35.57,46.58,80.01,106.18,195.64,2157.03,
234,320.82,353.01,363.70,348.67,215.25,122.15,76.43,44.73,53.23,80.42,101.45,191.23,2271.07,
236,320.80,370.89,388.47,344.43,182.41,93.37,56.61,41.47,55.24,94.54,119.16,212.00,2279.40,
237,280.81,320.31,333.44,261.95,77.55,31.05,13.59,22.24,64.65,138.36,163.57,247.76,1955.29,
238,279.15,325.26,350.76,268.84,77.04,29.38,14.16,17.76,47.35,110.92,145.41,237.06,1903.09,
239,263.32,240.57,238.02,140.72,33.43,6.48,3.26,6.93,38.97,141.59,207.76,254.30,1575.35,
240,262.47,278.25,291.87,201.63,59.35,14.17,5.73,13.88,59.87,157.53,186.54,257.55,1788.84,
241,283.27,274.71,266.22,140.63,42.16,4.76,2.05,11.18,51.37,172.25,226.96,286.16,1761.74,
242,290.11,289.94,291.04,159.76,52.55,6.75,1.86,18.88,64.27,181.25,226.46,294.74,1877.62,
243,291.84,258.38,249.31,118.72,38.03,3.55,2.26,16.78,57.95,155.01,230.11,286.72,1708.66,
244,300.73,245.49,231.53,112.96,39.36,6.36,5.37,16.94,51.30,151.40,237.22,294.02,1692.68,
245,249.47,312.34,351.62,306.66,180.25,90.04,66.30,41.16,36.20,52.25,68.20,138.77,1893.25,
246,170.02,182.09,227.41,169.21,50.59,13.57,8.27,3.27,15.65,57.62,90.03,136.74,1124.48,
247,74.74,121.47,200.07,195.83,117.97,80.87,67.25,30.23,17.93,15.89,13.78,32.30,968.34,
248,170.29,128.37,135.43,78.72,25.52,15.06,15.59,9.89,20.30,78.71,141.84,181.42,1001.15,
249,119.43,90.15,99.82,84.47,62.82,53.69,54.07,38.91,43.49,77.82,121.34,131.58,977.58,
250,210.67,120.72,133.55,68.47,33.07,15.77,17.28,20.54,44.89,121.76,205.85,222.54,1215.11,
251,149.78,142.81,133.42,97.58,95.39,94.17,102.25,100.12,114.34,120.59,124.29,135.27,1410.00,
252,140.95,148.66,142.27,142.41,130.43,119.33,117.72,116.71,142.16,154.10,137.92,134.07,1626.71,
253,115.42,110.07,144.47,102.67,62.02,55.59,50.61,63.76,69.27,104.13,108.96,96.61,1083.56,
254,117.64,102.20,135.62,78.43,50.67,36.10,33.29,35.94,54.84,94.22,102.89,106.86,948.70,
255,129.50,115.23,117.09,62.13,26.73,16.53,12.81,14.21,28.16,59.32,88.78,111.32,781.81,
256,130.59,120.15,139.01,110.92,59.77,40.30,31.85,32.63,56.60,97.18,113.83,121.35,1054.17,
257,223.57,176.48,155.80,101.03,85.93,56.90,44.90,47.78,82.30,150.20,165.20,224.48,1514.58,
258,135.43,118.60,132.72,117.64,70.71,46.00,36.33,32.87,52.44,97.13,123.25,122.70,1085.81,
259,137.24,118.28,103.65,51.81,19.50,11.30,8.03,7.20,13.19,43.11,73.64,116.12,703.05,
260,132.27,115.86,115.10,121.60,99.56,61.04,45.93,39.35,67.32,118.30,138.47,132.16,1186.96,
261,101.41,95.52,82.93,55.20,25.56,16.93,8.54,8.28,16.21,46.98,70.25,93.40,621.20,
262,213.20,173.82,156.37,102.50,65.97,32.02,24.71,30.42,56.61,108.08,152.22,201.63,1317.56,
263,11.58,9.65,10.92,12.69,13.89,9.83,3.29,6.37,6.98,15.35,9.94,9.60,120.09,
264,92.94,97.31,111.87,89.51,68.71,61.21,58.55,58.27,66.75,91.13,100.55,93.74,990.55,
265,87.71,82.96,106.20,60.54,38.64,27.82,25.78,25.50,45.66,80.58,85.25,90.07,756.71,
266,70.22,70.83,91.19,62.44,58.61,39.97,47.07,36.98,53.77,68.86,69.55,71.65,741.12,
267,31.24,30.44,31.85,21.18,20.38,19.97,20.91,16.78,21.12,34.05,30.77,30.80,309.51,
268,20.51,33.64,41.19,32.18,34.29,14.95,27.76,14.95,35.75,36.15,28.06,26.11,345.53,
269,15.18,17.23,22.58,27.99,58.09,66.71,60.07,50.59,32.33,28.87,19.99,19.80,419.42,
270,10.76,13.46,17.65,13.50,18.71,15.52,12.62,10.95,9.43,14.74,11.35,11.41,160.10,
271,11.03,12.50,16.45,24.00,39.82,36.91,27.05,25.29,14.98,12.93,15.98,12.34,249.27,
272,33.64,30.33,34.87,46.37,76.42,77.28,80.12,67.18,45.44,36.30,30.34,34.07,592.38,
273,32.89,23.12,24.55,23.13,26.81,26.59,11.18,14.74,13.74,19.75,34.69,31.96,283.14,
274,24.13,18.92,19.71,20.64,23.42,24.53,8.91,13.13,12.63,16.57,27.33,25.06,234.97,
275,24.79,21.11,24.50,22.97,27.45,24.96,11.47,15.32,15.91,17.79,26.75,27.46,260.49,
276,32.99,31.50,32.84,36.87,36.99,33.10,21.89,25.97,32.04,32.71,33.63,33.71,384.22,
277,28.84,29.24,35.87,38.71,37.41,26.61,21.25,24.46,27.87,32.69,31.72,30.92,365.58,
278,37.97,41.27,58.78,60.01,47.74,27.82,24.75,29.89,36.03,47.80,47.14,45.10,504.30,
279,23.48,26.22,33.21,32.52,29.04,16.47,28.45,34.77,29.37,30.04,27.46,26.35,337.37,
280,33.49,32.33,31.99,24.56,23.45,19.34,17.70,19.01,18.22,20.11,31.45,33.61,305.25,
281,36.92,23.53,26.82,22.71,28.45,27.97,11.20,16.70,14.77,22.28,36.99,36.97,305.33,
282,186.54,141.91,139.16,81.40,56.00,34.25,15.52,25.14,42.64,92.22,193.93,205.31,1214.00,
283,78.98,59.11,55.78,43.49,47.76,46.74,27.84,32.81,35.50,43.82,74.28,82.12,628.24,
284,265.72,198.61,181.30,124.24,87.60,67.84,42.47,53.44,85.30,158.26,250.51,283.31,1798.60,
285,82.90,62.45,54.04,40.02,51.10,65.70,59.10,54.17,54.64,66.70,81.57,87.93,760.31,
286,95.53,78.44,70.33,55.03,55.90,67.43,72.80,80.32,100.15,121.16,105.05,104.58,1006.72,
287,16.53,19.54,23.31,18.98,21.10,44.63,59.56,71.30,59.21,34.07,27.86,27.59,423.70,
288,25.31,18.32,19.34,21.73,23.03,34.59,53.50,72.76,62.24,45.26,38.78,32.77,447.64,
289,9.06,9.29,9.99,7.27,14.92,41.58,55.40,46.20,24.84,12.93,13.17,11.77,256.42,
290,5.77,5.50,7.23,6.26,7.29,22.11,40.48,41.82,25.10,10.35,9.26,6.86,188.02,
291,11.46,12.21,11.26,10.08,15.63,34.86,47.37,41.22,18.62,18.73,14.40,12.60,248.43,
292,12.07,10.07,10.14,11.79,16.23,33.80,41.14,39.63,25.97,23.11,16.35,13.06,253.35,
293,18.16,16.87,16.60,16.53,27.03,58.27,65.60,54.58,30.36,25.20,20.92,15.79,365.90,
294,26.71,22.50,21.29,18.04,39.89,66.25,82.58,62.74,42.58,30.84,26.82,23.76,463.98,
295,19.17,15.15,16.52,15.40,25.72,41.76,49.33,45.66,27.94,23.99,24.73,20.55,325.91,
296,15.61,13.09,12.55,12.36,16.49,31.33,37.55,42.45,29.06,27.02,24.16,18.30,279.98,
297,20.10,15.20,17.56,15.88,28.73,47.16,57.20,52.89,35.06,27.51,27.63,19.50,364.42,
298,26.29,19.93,22.79,22.59,36.90,66.27,80.08,65.62,46.32,31.11,29.70,26.62,474.22,
299,33.78,26.62,26.19,20.76,43.47,68.98,76.51,59.52,44.30,29.74,33.68,33.52,497.07,
300,7.67,7.35,6.36,6.95,9.72,14.62,27.03,34.27,18.62,19.30,10.30,9.06,171.26,
301,8.72,8.29,7.78,8.67,11.14,24.84,34.63,35.04,19.32,17.08,9.67,9.38,194.56,
302,6.35,6.37,7.56,8.90,11.35,19.24,30.36,33.05,24.15,19.59,11.66,7.76,186.33,
303,8.34,7.99,9.53,11.94,14.11,23.24,35.92,38.34,31.71,26.77,16.20,10.58,234.65,
304,6.66,6.75,7.40,8.92,10.85,15.39,28.46,32.89,25.19,20.14,13.63,8.37,184.65,
305,11.13,7.75,12.59,15.43,17.29,29.63,47.67,43.40,39.82,31.28,19.05,12.72,287.76,
306,14.99,9.58,14.13,17.36,24.45,40.02,57.12,51.62,46.44,36.29,25.80,18.81,356.61,
307,21.25,16.19,20.35,22.49,37.83,66.26,79.68,66.15,54.09,33.61,29.56,24.35,471.80,
308,16.72,13.60,18.22,23.59,34.24,48.10,63.98,65.56,53.37,43.47,35.17,21.71,437.73,
309,16.71,14.92,23.97,34.19,55.80,82.54,68.67,61.24,49.88,31.12,17.41,16.61,473.06,
310,19.82,14.85,19.63,23.52,40.62,64.87,73.69,71.61,58.63,38.71,32.26,24.29,482.49,
311,23.02,17.38,26.50,34.78,55.75,83.91,75.93,70.61,59.53,39.69,26.32,23.17,536.59,
313,20.11,17.13,26.87,27.29,44.30,73.49,70.78,61.88,55.14,31.71,23.55,22.00,474.25,
314,18.84,15.32,20.43,22.75,40.83,66.40,69.06,56.84,47.66,27.99,22.00,21.46,429.61,
315,23.97,18.64,23.66,31.52,49.04,67.58,52.96,43.83,38.77,18.35,20.18,24.78,413.29,
316,17.01,12.22,17.99,22.47,39.06,60.19,64.75,44.52,30.86,14.30,14.89,17.36,355.63,
317,20.95,15.64,20.41,22.49,39.97,72.00,72.89,48.61,35.12,14.55,16.32,20.90,399.84,
318,30.07,22.43,25.96,26.61,52.96,83.65,91.85,67.88,47.86,22.61,24.85,28.66,525.40,
319,24.88,20.43,25.05,31.33,41.25,70.84,87.20,80.76,71.97,52.48,42.19,28.76,577.14,
320,40.11,31.88,37.13,39.13,54.12,83.76,90.54,79.37,82.57,64.52,53.17,40.87,697.15,
321,53.22,37.32,47.23,46.57,64.80,87.61,96.51,87.56,94.88,76.78,66.21,59.13,817.81,
322,49.94,37.17,43.12,44.23,67.89,100.73,112.42,105.35,114.48,81.50,69.37,57.55,883.76,
323,39.31,27.71,36.68,38.70,53.96,87.68,100.38,99.89,108.43,80.46,66.25,45.12,784.60,
324,34.70,25.59,35.25,34.70,47.91,77.77,94.87,100.36,100.64,76.59,61.56,40.44,730.38,
325,22.82,18.81,20.82,24.67,30.04,46.40,64.96,72.24,65.57,54.26,46.80,29.62,497.01,
326,40.83,33.07,39.82,39.34,45.94,70.08,93.06,90.71,87.56,68.54,59.08,45.50,713.52,
327,73.86,58.66,68.41,62.74,68.24,88.74,104.66,99.84,96.66,87.97,88.06,81.78,979.61,
328,74.71,63.47,73.15,71.74,91.58,102.92,110.60,116.45,103.58,92.77,96.34,93.66,1090.96,
329,60.64,52.93,58.69,60.04,76.16,93.85,94.47,95.08,95.94,80.00,78.55,74.91,921.27,
330,57.45,53.62,67.72,75.81,80.38,87.15,83.20,87.71,86.95,71.00,83.93,79.54,914.46,
331,76.35,57.06,62.14,63.57,73.87,80.57,76.05,88.79,95.26,81.45,88.20,84.33,927.63,
332,53.28,41.13,56.78,62.82,70.36,78.23,70.02,86.40,90.91,70.17,71.65,66.36,818.13,
333,41.14,33.22,55.24,68.82,77.61,86.51,79.55,92.00,95.10,67.35,65.10,56.43,818.06,
334,65.91,47.95,56.39,57.66,73.89,85.30,81.53,93.36,98.11,87.59,76.88,78.47,903.03,
335,28.17,20.48,42.40,53.24,79.31,95.05,89.65,100.59,97.39,64.29,46.79,33.53,750.89,
336,44.69,33.38,44.65,44.46,66.53,86.12,87.65,88.61,90.20,73.90,57.81,48.42,766.43,
337,109.77,86.04,94.70,91.92,94.40,92.20,99.11,103.35,96.69,112.04,120.41,129.75,1230.36,
338,86.08,67.36,79.79,78.41,93.71,94.07,105.95,107.25,100.94,94.83,100.82,101.89,1111.10,
339,84.46,77.10,89.07,92.54,99.52,97.02,98.25,104.75,95.30,90.33,105.44,98.89,1132.68,
340,63.69,62.99,74.87,80.41,96.84,105.09,95.36,85.90,89.51,75.80,86.77,75.60,992.84,
341,80.89,80.59,89.14,81.53,127.50,140.46,138.23,142.48,133.71,108.82,84.73,77.70,1285.81,
342,131.42,128.08,144.28,106.28,104.91,114.81,141.06,112.54,95.77,68.20,90.32,115.96,1353.64,
343,131.84,142.07,161.41,105.55,114.79,143.09,174.41,144.25,119.07,78.82,105.26,128.26,1548.82,
344,134.15,132.32,163.99,130.44,115.34,100.43,128.44,96.24,97.64,76.59,108.05,136.10,1419.71,
345,137.77,142.53,152.28,134.79,128.68,108.31,142.92,127.77,107.88,80.35,113.93,151.97,1529.17,
346,19.00,15.85,19.20,23.39,48.86,60.65,50.18,37.23,33.12,16.85,12.76,20.67,357.74,
347,124.47,134.85,125.95,116.92,127.33,128.57,168.46,161.74,134.23,89.15,103.91,140.49,1556.08,
348,59.43,69.52,86.26,85.10,118.60,96.05,74.95,73.07,90.27,82.24,79.63,76.67,991.78,
349,125.16,124.78,151.74,136.23,131.98,96.53,108.14,77.08,84.87,85.77,129.76,154.29,1406.33,
350,28.62,36.76,61.12,64.70,95.08,86.67,73.73,73.76,76.43,56.84,52.57,40.89,747.17,
351,90.98,107.80,132.24,125.99,128.55,94.01,92.39,81.73,92.59,79.25,117.12,130.62,1273.28,
352,79.06,81.54,110.09,101.65,114.13,99.59,116.04,96.06,87.73,77.31,95.80,98.06,1157.06,
353,50.65,61.15,103.41,95.30,110.68,92.47,97.78,88.76,82.97,73.79,92.45,90.12,1039.54,
354,26.24,24.66,54.50,75.64,91.89,103.04,99.77,95.97,92.07,62.82,48.75,37.74,813.08,
355,15.71,14.94,31.99,47.08,74.30,77.72,59.30,51.74,48.80,33.50,22.09,18.30,495.47,
356,10.22,6.87,5.77,9.31,21.00,47.77,62.41,69.33,65.66,30.09,10.41,12.46,351.30,
357,50.34,53.71,52.16,65.07,100.36,86.21,66.80,69.90,99.61,76.39,58.75,55.36,834.65,
358,14.32,14.43,12.07,16.61,29.36,39.02,57.02,65.29,66.21,34.81,15.83,15.97,380.94,
359,33.74,26.14,25.15,38.25,76.23,177.88,179.70,172.60,224.81,121.24,56.36,37.30,1169.41,
360,83.69,56.84,59.39,75.50,158.30,329.43,325.85,308.78,375.92,286.81,152.38,98.01,2310.90,
361,57.56,33.39,27.81,48.42,143.50,260.46,247.88,242.62,271.18,222.34,124.27,80.27,1759.70,
362,14.87,7.12,4.72,10.01,23.19,120.51,174.06,163.86,120.53,49.04,12.28,13.69,713.89,
363,24.91,15.23,10.29,4.69,4.92,35.97,130.81,128.35,80.91,32.52,14.74,30.60,513.96,
364,25.85,23.43,28.47,19.11,17.82,14.13,37.96,43.41,31.31,26.96,24.01,28.66,321.13,
365,83.11,71.13,66.20,32.60,13.14,7.00,8.21,13.93,18.85,28.47,68.18,74.55,485.37,
366,80.77,76.07,61.95,30.55,29.24,23.09,22.24,19.24,16.97,23.64,32.59,50.60,466.96,
367,59.26,50.36,64.72,87.75,104.71,96.57,126.72,121.29,103.94,95.18,82.71,81.77,1075.00,
368,119.17,83.65,116.95,102.24,114.21,95.79,95.45,100.45,115.20,124.84,105.03,120.58,1293.57,
369,145.09,113.79,154.94,147.62,163.06,158.09,164.56,165.82,163.79,161.95,147.77,156.38,1842.85,
370,285.66,243.14,274.34,248.96,204.49,137.66,117.93,120.53,157.99,209.68,266.19,301.07,2567.64,
371,361.84,294.54,321.93,329.61,289.42,216.86,184.59,215.75,285.12,346.58,385.00,352.65,3583.89,
372,217.16,157.74,163.04,172.00,228.12,234.64,245.98,263.15,263.97,282.52,281.86,243.61,2753.79,
373,276.20,224.38,297.31,310.05,294.60,196.70,182.68,167.12,200.82,243.12,302.16,295.70,2990.83,
374,223.07,207.88,237.59,269.01,288.52,255.14,215.36,167.65,129.50,122.91,174.38,207.99,2499.01,
375,273.14,259.33,309.54,288.52,276.87,250.19,240.30,228.38,216.90,221.87,217.20,252.97,3035.22,
376,239.98,230.08,259.82,230.79,200.46,189.86,184.56,174.76,178.85,195.00,191.85,224.92,2500.93,
377,293.05,291.10,323.64,272.28,223.23,173.51,178.22,195.18,217.56,252.28,242.98,288.90,2951.91,
378,304.32,294.16,328.97,286.62,280.25,244.59,240.36,234.81,226.83,229.18,219.13,282.71,3171.92,
379,0.16,1.20,1.16,1.86,2.34,3.45,19.82,39.12,6.82,0.34,0.09,0.11,76.46,
380,0.34,1.11,0.55,1.70,6.81,17.05,67.26,120.98,27.44,1.63,0.22,0.67,245.76,
381,0.33,2.42,13.91,37.98,77.60,118.95,197.33,227.08,157.75,66.29,5.52,0.52,905.69,
382,0.01,0.19,0.37,3.57,18.24,43.25,117.26,167.15,64.69,10.09,0.04,0.03,424.89,
383,0.00,0.11,0.89,9.26,32.67,71.01,150.71,188.58,83.64,11.88,0.00,0.00,548.76,
384,0.02,0.67,0.42,0.36,1.10,4.61,34.59,55.17,8.65,0.06,0.00,0.00,105.65,
385,5.45,4.44,5.63,4.69,3.82,2.10,2.75,5.75,4.88,4.35,6.09,5.58,55.54,
386,0.00,1.17,0.38,0.00,0.00,2.33,21.71,51.41,46.83,8.56,0.21,1.00,133.59,
387,0.93,0.74,0.21,0.08,0.12,1.36,8.47,23.66,21.53,4.44,1.36,1.09,64.00,
388,5.39,3.70,2.21,1.35,0.35,0.11,0.34,2.04,6.91,3.69,6.90,8.70,41.69,
389,22.95,21.95,21.03,19.20,12.64,3.62,1.43,2.92,10.06,14.51,27.78,23.85,181.94,
390,46.07,53.14,44.82,41.43,26.30,11.16,3.46,6.19,18.80,37.05,47.74,50.11,386.26,
391,14.88,3.63,12.68,5.17,4.81,1.17,0.30,0.49,5.76,13.60,12.47,14.24,89.19,
392,21.33,9.62,10.94,3.37,3.00,0.59,0.61,0.56,4.55,14.40,15.34,21.33,105.64,
393,4.89,3.29,2.93,2.29,1.40,0.43,0.57,1.72,0.67,2.03,2.00,4.25,26.48,
394,4.99,3.14,2.66,1.30,1.30,1.62,7.38,14.40,2.10,2.37,2.15,4.61,48.02,
395,0.80,0.72,1.49,1.65,2.01,2.32,12.17,16.96,4.75,1.85,0.87,1.03,46.62,
396,1.29,1.95,7.22,11.82,24.80,47.96,138.00,139.29,51.01,17.59,5.10,1.76,447.79,
397,0.00,0.26,0.56,0.65,2.17,3.31,27.60,40.16,12.88,2.14,0.00,0.09,89.82,
398,6.47,11.02,23.45,36.83,77.63,135.20,239.43,240.53,144.86,58.27,16.84,6.04,996.57,
399,0.07,0.09,0.41,2.77,20.07,49.21,97.58,116.95,66.45,26.85,0.72,0.09,381.25,
400,7.63,13.20,34.89,64.47,122.83,135.69,171.41,173.52,141.35,89.47,43.46,12.52,1010.45,
401,0.16,0.45,5.14,18.77,78.22,109.73,147.53,162.38,131.72,78.70,7.36,0.51,740.67,
402,0.59,1.18,3.32,10.70,33.72,74.61,125.39,141.01,90.75,32.02,0.56,0.94,514.78,
403,35.27,45.48,80.62,126.17,131.98,105.37,114.31,134.79,128.24,113.21,82.63,48.38,1146.44,
404,181.99,172.50,169.70,97.80,11.67,1.26,0.00,0.18,0.99,11.21,82.60,186.67,916.58,
405,6.54,4.83,6.38,8.33,7.25,5.56,31.60,34.18,8.40,6.38,9.79,7.88,137.14,
406,15.80,29.59,50.12,64.83,51.44,37.52,124.31,142.89,71.45,24.61,12.70,7.07,632.34,
407,3.08,5.15,7.93,30.76,31.82,7.71,7.78,10.41,12.11,22.93,10.49,3.55,153.72,
408,1.50,3.42,7.54,59.88,59.54,11.24,7.16,10.10,16.62,52.85,23.81,4.13,257.78,
409,5.50,4.30,10.74,63.69,67.99,29.06,24.97,18.90,13.93,65.07,52.61,13.98,370.73,
410,10.64,13.15,36.27,131.49,94.46,20.58,22.17,26.00,32.99,85.69,65.01,17.56,556.01,
411,50.42,50.07,85.26,140.52,96.60,47.87,44.99,40.72,41.32,50.34,87.26,67.76,803.12,
412,173.53,158.40,206.00,180.94,49.15,11.30,6.02,2.97,6.79,16.87,74.37,169.13,1055.48,
413,258.11,237.02,200.39,112.60,50.82,35.81,39.97,31.16,21.16,43.52,100.37,221.43,1352.36,
414,220.38,224.31,215.06,99.42,51.85,36.64,34.33,22.10,15.80,40.38,89.99,218.12,1268.39,
415,234.14,206.59,215.06,111.11,28.12,11.30,9.63,3.63,3.40,18.50,76.97,215.54,1134.00,
416,204.12,179.30,118.80,36.77,9.90,4.46,3.93,2.50,3.52,20.71,69.64,186.36,840.02,
417,235.60,212.94,151.78,47.35,6.33,1.30,0.53,0.36,0.70,13.21,76.93,221.23,968.26,
418,185.54,159.82,95.96,29.55,4.53,0.00,0.00,0.00,0.52,13.36,64.09,178.11,731.48,
419,236.73,191.02,134.40,38.37,2.72,0.01,0.00,0.02,1.45,27.82,115.35,236.65,984.53,
420,164.48,144.58,79.69,29.98,3.97,1.05,0.19,0.25,3.01,23.08,76.04,155.13,681.44,
421,169.73,160.99,113.93,33.58,1.07,0.05,0.00,0.22,2.84,22.74,84.60,145.29,735.06,
422,210.80,184.84,158.29,53.24,3.20,0.12,0.00,1.01,11.54,57.60,141.72,210.15,1032.50,
423,193.18,212.94,177.28,70.71,40.50,25.44,20.54,21.34,15.83,41.01,89.65,199.74,1108.14,
424,139.81,139.11,81.91,38.75,18.80,11.67,7.20,9.60,12.58,36.42,80.01,150.81,726.68,
425,152.49,146.12,102.96,67.61,52.83,41.11,28.89,27.75,23.26,42.91,70.58,139.10,895.61,
426,97.13,89.24,60.48,37.80,13.93,8.67,5.96,7.04,15.07,43.52,71.00,89.75,539.58,
427,72.69,69.35,64.28,43.37,28.27,26.17,23.29,30.86,33.90,53.41,62.22,63.43,571.22,
428,54.34,58.46,55.29,35.65,12.10,8.86,6.44,9.58,13.67,30.41,39.76,39.96,364.51,
429,90.18,86.70,79.69,40.26,4.25,0.97,0.25,0.59,4.08,21.18,49.86,64.13,442.14,
430,161.84,141.60,202.97,147.42,17.24,0.17,0.11,2.71,23.84,95.40,189.01,164.60,1146.91,
431,87.01,107.93,175.16,208.10,47.68,0.47,0.73,4.86,17.21,68.34,157.24,111.25,985.98,
432,146.25,149.83,182.82,224.56,112.17,7.88,3.02,11.77,51.20,124.92,237.10,171.92,1423.45,
433,171.20,155.45,190.74,175.67,70.39,11.78,9.50,35.12,95.32,159.63,220.04,196.39,1491.24,
434,158.86,166.24,170.67,190.86,154.85,33.26,13.95,46.83,131.76,196.84,227.05,178.75,1669.90,
435,64.67,81.52,135.91,154.70,177.69,115.88,91.80,129.96,205.72,237.78,149.05,81.18,1625.86,
436,99.41,106.63,153.06,157.40,158.85,99.10,75.14,127.00,185.71,214.67,176.83,119.66,1673.44,
437,18.62,33.31,90.53,131.36,166.63,169.55,189.04,214.66,211.90,203.80,77.38,25.31,1532.09,
438,119.04,109.55,164.01,150.54,140.70,81.79,58.91,132.34,179.72,216.59,187.97,137.86,1679.01,
439,112.18,121.52,170.96,164.49,157.97,103.41,107.56,154.97,185.07,220.83,204.97,154.22,1858.15,
440,146.92,140.06,173.30,140.30,78.87,43.44,45.08,62.19,84.19,122.43,159.84,171.75,1368.37,
441,116.08,148.32,175.19,177.31,72.28,0.76,0.63,0.99,9.04,55.09,188.90,137.01,1081.60,
442,170.72,165.38,202.50,194.10,130.24,7.95,1.15,4.56,36.17,131.93,275.13,183.23,1503.05,
443,210.43,200.24,229.27,196.37,119.88,5.58,1.07,2.45,31.25,211.72,324.84,188.70,1721.82,
444,129.82,142.52,211.43,202.98,184.48,50.47,12.92,26.66,126.99,282.54,265.72,137.11,1773.64,
445,78.19,98.91,190.19,208.29,229.72,129.49,71.28,101.97,242.03,353.15,205.30,86.31,1994.84,
446,6.50,17.54,87.92,139.99,186.72,183.67,208.15,238.23,288.56,242.04,55.35,8.06,1662.72,
447,19.77,45.84,128.09,189.67,234.16,277.34,369.78,402.60,397.70,316.30,96.47,20.34,2498.06,
448,11.39,33.01,90.71,156.67,210.91,267.57,335.65,331.42,349.47,241.05,53.47,12.62,2093.94,
449,33.77,57.28,127.26,188.67,244.90,286.48,354.17,315.42,357.82,281.80,97.47,36.05,2381.07,
450,14.18,32.79,82.86,146.59,206.81,244.71,289.75,263.77,308.46,210.93,49.13,18.05,1868.03,
451,0.50,2.76,22.95,71.56,124.67,165.34,232.51,256.11,219.69,96.26,6.34,0.31,1199.00,
452,0.93,4.43,21.57,63.56,120.51,160.47,203.58,227.76,207.98,79.65,3.12,0.65,1094.21,
453,0.00,0.64,1.61,8.86,34.18,72.80,145.12,172.12,90.48,12.13,0.17,0.01,538.11,
454,0.04,0.57,4.30,15.87,46.86,81.86,138.41,163.46,102.40,19.63,0.45,0.07,573.92,
455,0.04,0.40,0.52,1.17,4.33,12.87,36.10,46.72,15.54,1.24,0.02,0.00,118.95,
456,0.02,0.23,1.15,4.73,18.08,44.01,89.54,114.82,58.51,9.22,0.12,0.04,340.46,
457,0.78,2.26,13.47,39.99,74.70,126.12,211.96,264.96,182.63,63.23,9.20,1.75,991.04,
458,1.56,6.40,22.83,60.78,109.71,169.91,240.92,301.20,251.35,122.49,27.78,3.84,1318.78,
459,0.04,0.35,0.37,2.34,6.42,25.58,70.12,98.15,47.58,8.27,0.29,0.02,259.54,
460,8.95,27.05,75.61,120.46,161.56,199.52,200.56,172.15,205.85,139.69,29.26,11.79,1352.46,
461,2.13,8.26,33.44,62.37,101.01,129.54,173.39,196.22,175.19,71.87,12.76,5.24,971.43,
462,15.49,57.61,106.98,133.54,190.92,262.68,125.14,76.22,129.67,142.46,70.35,30.50,1341.56,
463,4.18,19.81,58.46,98.91,133.05,159.66,163.38,181.06,183.88,100.25,30.17,8.99,1141.80,
464,16.56,56.35,108.19,142.16,210.54,326.25,140.28,51.52,105.74,144.52,97.31,38.46,1437.87,
465,7.12,32.12,77.54,119.62,138.34,176.43,153.11,178.31,191.72,117.74,47.65,13.74,1253.45,
466,7.92,24.11,41.95,70.46,130.96,216.30,276.65,328.44,296.34,167.74,58.68,19.14,1638.68,
467,0.19,0.75,0.82,5.37,19.55,59.96,117.77,158.54,113.31,35.53,2.62,0.14,514.53,
468,1.97,1.00,0.98,0.00,0.00,5.36,33.16,76.69,73.99,14.87,0.00,1.00,209.01,
